Workbook

Sheet waste
A1: Country Name | B1: 1970 [YR1970] | C1: 1971 [YR1971] | D1: 1972 [YR1972] | E1: 1973 [YR1973] | F1: 1974 [YR1974] | G1: 1975 [YR1975] | H1: 1976 [YR1976] | I1: 1977 [YR1977] | J1: 1978 [YR1978] | K1: 1979 [YR1979] | L1: 1980 [YR1980] | M1: 1981 [YR1981] | N1: 1982 [YR1982] | O1: 1983 [YR1983] | P1: 1984 [YR1984] | Q1: 1985 [YR1985] | R1: 1986 [YR1986] | S1: 1987 [YR1987] | T1: 1988 [YR1988] | U1: 1989 [YR1989] | V1: 1990 [YR1990] | W1: 1991 [YR1991] | X1: 1992 [YR1992] | Y1: 1993 [YR1993] | Z1: 1994 [YR1994] | AA1: 1995 [YR1995] | AB1: 1996 [YR1996] | AC1: 1997 [YR1997] | AD1: 1998 [YR1998] | AE1: 1999 [YR1999] | AF1: 2000 [YR2000] | AG1: 2001 [YR2001] | AH1: 2002 [YR2002] | AI1: 2003 [YR2003] | AJ1: 2004 [YR2004] | AK1: 2005 [YR2005] | AL1: 2006 [YR2006] | AM1: 2007 [YR2007] | AN1: 2008 [YR2008] | AO1: 2009 [YR2009] | AP1: 2010 [YR2010] | AQ1: 2011 [YR2011] | AR1: 2012 [YR2012] | AS1: 2013 [YR2013] | AT1: 2014 [YR2014] | AU1: 2015 [YR2015] | AV1: 2016 [YR2016] | AW1: 2017 [YR2017] | AX1: 2018 [YR2018] | AY1: 2019 [YR2019]
A2: Afghanistan | B2: 1685485.5 | C2: 1785489.5 | D2: 1563254.1 | E2: 1635241.1 | F2: 1756948.7 | G2: 1865498.6 | H2: 1985468.1 | I2: 1856485.2 | J2: 1756458.6 | K2: 1685498.1 | L2: 1584562.3 | M2: 1685486.2 | N2: 1564851.1 | O2: 1458968.2 | P2: 1685985.2 | Q2: 1758648.2 | R2: 2051658.6 | S2: 2014754.1 | T2: 2041568.7 | U2: 1985685.3 | V2: 1896526.2 | W2: 1914574.2 | X2: 1874585.2 | Y2: 1762532.2 | Z2: 1874521.1 | AA2: 1985632.7 | AB2: 2014574.2 | AC2: 2105458.6 | AD2: 1785489.7 | AE2: 1985645.7 | AF2: 2145685.6 | AG2: 2254154.6 | AH2: 2351201.2 | AI2: 1784585.1 | AJ2: 1986452.1 | AK2: 2045187.2 | AL2: 2105487.7 | AM2: 2015486.7 | AN2: 1986325.1 | AO2: 2016547.6 | AP2: 1986563.3 | AQ2: 2506352.1 | AR2: 2650352.1 | AS2: 2745189.5 | AT2: 2685963.1 | AU2: 2985645.1 | AV2: 3021526.6 | AW2: 3102145.5 | AX2: 3105625.2 | AY2: 3012548.5
A3: Albania | B3: 16859854 | C3: 17143885 | D3: 16721441 | E3: 16331019 | F3: 15960137 | G3: 15597063 | H3: 15256418 | I3: 14922464 | J3: 14615905 | K3: 14328001 | L3: 14037553 | M3: 13759182 | N3: 13471464 | O3: 13188758 | P3: 12914173 | Q3: 12651370 | R3: 12409140 | S3: 12163782 | T3: 11936438 | U3: 11619877 | V3: 11043583 | W3: 11110356 | X3: 11177938 | Y3: 10734310 | Z3: 10309035 | AA3: 9900984.5 | AB3: 9508928.7 | AC3: 9133206.3 | AD3: 8772586.5 | AE3: 8425818.8 | AF3: 8349813.7 | AG3: 8364559.8 | AH3: 8389680.8 | AI3: 6511250.1 | AJ3: 7696653.3 | AK3: 7637024.5 | AL3: 7685359.7 | AM3: 7237130.3 | AN3: 7296100.8 | AO3: 7171704.1 | AP3: 7036063.2 | AQ3: 7158590 | AR3: 7118532.9 | AS3: 6958397.2 | AT3: 7568263.4 | AU3: 59865846 | AV3: 5532154.1 | AW3: 4985635.1 | AX3: 4485985.2 | AY3: 4521548.7
A4: Algeria | B4: 40521.566 | C4: 41587.52 | D4: 41868.404 | E4: 41649.095 | F4: 40664.994 | G4: 40258.417 | H4: 40249.796 | I4: 40744.123 | J4: 40895.433 | K4: 40851.971 | L4: 40875.751 | M4: 40833.722 | N4: 40981.959 | O4: 41076.919 | P4: 41146.733 | Q4: 40773.016 | R4: 40930.832 | S4: 40880.306 | T4: 40837.087 | U4: 40806.67 | V4: 40789.834 | W4: 76884.969 | X4: 82872.317 | Y4: 136787.75 | Z4: 133984.2 | AA4: 131449.62 | AB4: 129165.16 | AC4: 169408.05 | AD4: 177324 | AE4: 174830.32 | AF4: 172471.47 | AG4: 170227.1 | AH4: 226318.48 | AI4: 182223.88 | AJ4: 179838.21 | AK4: 215317.03 | AL4: 191587.63 | AM4: 208906.43 | AN4: 134008.6 | AO4: 151791.99 | AP4: 143967.94 | AQ4: 43901.708 | AR4: 41648.96 | AS4: 57477.515 | AT4: 15399.363 | AU4: 25848.655 | AV4: 27485.456 | AW4: 28641.132 | AX4: 29856.652 | AY4: 22154.132
A5: Angola | B5: 51248759 | C5: 52790941 | D5: 51303838 | E5: 49717514 | F5: 48259542 | G5: 47047409 | H5: 46028530 | I5: 45225257 | J5: 44555610 | K5: 43891953 | L5: 43170318 | M5: 42381771 | N5: 41590850 | O5: 40809461 | P5: 40044665 | Q5: 39314758 | R5: 38597947 | S5: 37940145 | T5: 37357529 | U5: 36864725 | V5: 26934884 | W5: 26659526 | X5: 26402152 | Y5: 26153202 | Z5: 25817804 | AA5: 25544657 | AB5: 25280175 | AC5: 24959530 | AD5: 24639631 | AE5: 24331026 | AF5: 24056836 | AG5: 23820311 | AH5: 23602880 | AI5: 23374643 | AJ5: 23125357 | AK5: 22844406 | AL5: 22529917 | AM5: 22191597 | AN5: 21835965 | AO5: 21482867 | AP5: 21134351 | AQ5: 20792178 | AR5: 20456950 | AS5: 20130044 | AT5: 19810767 | AU5: 17854897 | AV5: 18548568 | AW5: 17685895 | AX5: 17985486 | AY5: 18154860
A6: Argentina | B6: 9154898.7 | C6: 9325572.7 | D6: 8818673.5 | E6: 8367085.7 | F6: 9278595.5 | G6: 7311592 | H6: 6905871 | I6: 7432776 | J6: 7738196.5 | K6: 7013692.5 | L6: 7713856 | M6: 7331728.6 | N6: 6668175.5 | O6: 7046718.2 | P6: 6998552.3 | Q6: 6728161.3 | R6: 5770676.8 | S6: 6091369.7 | T6: 5758612.3 | U6: 4861181.1 | V6: 3992258.3 | W6: 4360347 | X6: 4562190.4 | Y6: 4909938.6 | Z6: 5731039.6 | AA6: 6442822.5 | AB6: 6432070.9 | AC6: 6703856.7 | AD6: 7595320.5 | AE6: 7624065.9 | AF6: 7200315.4 | AG6: 7299244.1 | AH6: 6813286.5 | AI6: 7255103.1 | AJ6: 3908376.5 | AK6: 4164302.5 | AL6: 5345228.8 | AM6: 5226807.8 | AN6: 4239576.7 | AO6: 4302070.9 | AP6: 5066057.8 | AQ6: 5767138.4 | AR6: 6089498.6 | AS6: 5846517.5 | AT6: 6587108.4 | AU6: 5986854.5 | AV6: 5841201.2 | AW6: 5784968.7 | AX6: 5641205.6 | AY6: 5548748.7
A7: Armenia | B7: 139856.31 | C7: 141524.13 | D7: 149865.56 | E7: 153625.12 | F7: 168547.65 | G7: 176859.56 | H7: 187458.65 | I7: 198635.13 | J7: 215548.12 | K7: 235485.12 | L7: 245163.23 | M7: 254874.31 | N7: 264584.13 | O7: 274896.23 | P7: 284758.32 | Q7: 298458.13 | R7: 315478.65 | S7: 354896.32 | T7: 374851.31 | U7: 398564.46 | V7: 423863.06 | W7: 424419.54 | X7: 424507.02 | Y7: 423893.61 | Z7: 423977.22 | AA7: 423796.24 | AB7: 423613.13 | AC7: 423767.09 | AD7: 423265.51 | AE7: 423629.23 | AF7: 399075.97 | AG7: 293540.44 | AH7: 323502.68 | AI7: 395635.16 | AJ7: 419399.34 | AK7: 277130.31 | AL7: 454449.12 | AM7: 290695.89 | AN7: 292369.91 | AO7: 293515.58 | AP7: 293815.18 | AQ7: 293894.95 | AR7: 293908.7 | AS7: 293382.35 | AT7: 365215.31 | AU7: 415848.65 | AV7: 452154.65 | AW7: 478569.22 | AX7: 498563.13 | AY7: 512015.31
A8: Aruba | B8: 13521.132 | C8: 15214.655 | D8: 14521.165 | E8: 16548.465 | F8: 17548.646 | G8: 18965.645 | H8: 19854.655 | I8: 20145.655 | J8: 21548.655 | K8: 22154.132 | L8: 23648.565 | M8: 24564.456 | N8: 25415.457 | O8: 26748.455 | P8: 27415.645 | Q8: 25468.465 | R8: 26854.565 | S8: 27410.655 | T8: 26859.645 | U8: 25415.545 | V8: 23658.456 | W8: 21547.645 | X8: 19854.655 | Y8: 22457.457 | Z8: 20364.565 | AA8: 26545.655 | AB8: 27102.123 | AC8: 28451.655 | AD8: 29845.655 | AE8: 31524.132 | AF8: 32154.321 | AG8: 33124.467 | AH8: 34512.465 | AI8: 35896.565 | AJ8: 36589.949 | AK8: 37485.655 | AL8: 38457.655 | AM8: 39685.465 | AN8: 41365.321 | AO8: 42512.321 | AP8: 43568.646 | AQ8: 44754.457 | AR8: 45125.655 | AS8: 46859.489 | AT8: 47851.565 | AU8: 48653.132 | AV8: 51025.655 | AW8: 52315.655 | AX8: 53689.465 | AY8: 54875.645
A9: Australia | B9: 28301055 | C9: 27498825 | D9: 27530591 | E9: 26362593 | F9: 26803789 | G9: 26605413 | H9: 26476121 | I9: 26185717 | J9: 25624683 | K9: 24425582 | L9: 24589641 | M9: 25641844 | N9: 26178317 | O9: 25541922 | P9: 24635699 | Q9: 25002170 | R9: 22109992 | S9: 22191916 | T9: 22270012 | U9: 22869094 | V9: 18287658 | W9: 17922894 | X9: 16001995 | Y9: 19534672 | Z9: 18854576 | AA9: 19584979 | AB9: 22375744 | AC9: 23115546 | AD9: 22128978 | AE9: 21766134 | AF9: 21980205 | AG9: 21648683 | AH9: 22704397 | AI9: 16964236 | AJ9: 15831390 | AK9: 15850267 | AL9: 15790057 | AM9: 16518554 | AN9: 16494863 | AO9: 16734632 | AP9: 18806798 | AQ9: 17735649 | AR9: 17540929 | AS9: 18487555 | AT9: 17631186 | AU9: 18261712 | AV9: 19856854 | AW9: 20145785 | AX9: 21563522 | AY9: 22315486
A10: Austria | B10: 8968250.8 | C10: 8972250.1 | D10: 8555922.6 | E10: 9445770.3 | F10: 9222930.6 | G10: 9317377.5 | H10: 9549449.6 | I10: 9652741.7 | J10: 11126713 | K10: 13711004 | L10: 15061979 | M10: 16607163 | N10: 18688406 | O10: 19080219 | P10: 22322313 | Q10: 24629130 | R10: 28310704 | S10: 30288744 | T10: 43572497 | U10: 36430981 | V10: 28657788 | W10: 30721358 | X10: 29465155 | Y10: 29409851 | Z10: 26912821 | AA10: 29576674 | AB10: 31050683 | AC10: 30699933 | AD10: 29528465 | AE10: 33855480 | AF10: 32080777 | AG10: 34438221 | AH10: 31999129 | AI10: 33170724 | AJ10: 33018687 | AK10: 37084412 | AL10: 40636138 | AM10: 44342746 | AN10: 47161380 | AO10: 48299216 | AP10: 54307165 | AQ10: 52216266 | AR10: 52503011 | AS10: 57016230 | AT10: 51882412 | AU10: 53745753 | AV10: 53564854 | AW10: 54789659 | AX10: 55123562 | AY10: 57154257
A11: Azerbaijan | B11: 198563.12 | C11: 178458.65 | D11: 189635.13 | E11: 198569.65 | F11: 216548.65 | G11: 224587.47 | H11: 236958.65 | I11: 221548.79 | J11: 218768.47 | K11: 204585.65 | L11: 186958.47 | M11: 162536.13 | N11: 178452.13 | O11: 193625.13 | P11: 186596.65 | Q11: 178548.47 | R11: 198696.65 | S11: 204875.47 | T11: 216585.35 | U11: 221548.47 | V11: 235829.03 | W11: 235813.51 | X11: 235830.4 | Y11: 235770.51 | Z11: 235750.95 | AA11: 235849.06 | AB11: 235939.71 | AC11: 235805.19 | AD11: 235688.11 | AE11: 235720.77 | AF11: 235879.53 | AG11: 172526.88 | AH11: 146696.93 | AI11: 291458.69 | AJ11: 144320.71 | AK11: 297931.92 | AL11: 282855.31 | AM11: 1024623.3 | AN11: 975272.15 | AO11: 818844.42 | AP11: 994827.67 | AQ11: 1052765 | AR11: 1057619.2 | AS11: 1024254.4 | AT11: 894790.7 | AU11: 915685.65 | AV11: 926352.14 | AW11: 935478.65 | AX11: 975849.65 | AY11: 996325.17
A12: Bahrain | B12: 16525.645 | C12: 178548.65 | D12: 189658.47 | E12: 198548.65 | F12: 201548.65 | G12: 214859.65 | H12: 221478.65 | I12: 234578.13 | J12: 214859.65 | K12: 268596.65 | L12: 284859.65 | M12: 294512.12 | N12: 304856.17 | O12: 316548.65 | P12: 326548.13 | Q12: 358485.65 | R12: 414847.65 | S12: 424865.65 | T12: 448965.49 | U12: 454748.47 | V12: 468548.65 | W12: 471521.46 | X12: 481526.65 | Y12: 491523.31 | Z12: 512487.65 | AA12: 498568.65 | AB12: 478596.65 | AC12: 448596.65 | AD12: 415848.46 | AE12: 421568.47 | AF12: 412356.65 | AG12: 398568.65 | AH12: 384584.47 | AI12: 374859.46 | AJ12: 354125.46 | AK12: 341526.13 | AL12: 331478.47 | AM12: 310215.47 | AN12: 294856.65 | AO12: 221548.65 | AP12: 253658.46 | AQ12: 241502.13 | AR12: 221898.46 | AS12: 210326.46 | AT12: 198458.46 | AU12: 187568.47 | AV12: 185265.65 | AW12: 174165.47 | AX12: 165235.17 | AY12: 154878.46
A13: Bangladesh | B13: 5948687.5 | C13: 6798542.6 | D13: 6966865.1 | E13: 7076455.9 | F13: 7085779.4 | G13: 7177466.1 | H13: 7187991.4 | I13: 7198139.1 | J13: 7148614.6 | K13: 7104733.5 | L13: 7095979.6 | M13: 6990128 | N13: 6965255.4 | O13: 7106436.8 | P13: 6839639.2 | Q13: 6801171.8 | R13: 6923020.7 | S13: 6106985.4 | T13: 6493490.2 | U13: 6521927.2 | V13: 6558934.5 | W13: 6408505.6 | X13: 6363766.7 | Y13: 6273840.4 | Z13: 6268159.7 | AA13: 6162567.8 | AB13: 5811852.1 | AC13: 5883052.4 | AD13: 5849386.5 | AE13: 5857447.4 | AF13: 5857305.9 | AG13: 5857107.4 | AH13: 5856928.7 | AI13: 5856159.3 | AJ13: 5855761 | AK13: 5855108 | AL13: 5853673.5 | AM13: 5852674.9 | AN13: 5851318.9 | AO13: 5850759.6 | AP13: 5851174.5 | AQ13: 5853162 | AR13: 5855558.8 | AS13: 5859289.1 | AT13: 5863298.7 | AU13: 5548965.5 | AV13: 5312487.5 | AW13: 5132685.5 | AX13: 5031623.1 | AY13: 4985687.5
... A161: Zimbabwe | B161: 54896532 | C161: 55716396 | D161: 54876874 | E161: 53994963 | F161: 53156987 | G161: 52390967 | H161: 51650032 | I161: 51016584 | J161: 50464712 | K161: 49953066 | L161: 49449479 | M161: 48938876 | N161: 48476617 | O161: 48040915 | P161: 47610797 | Q161: 47188715 | R161: 46723059 | S161: 46267861 | T161: 45860216 | U161: 45535881 | V161: 45153009 | W161: 44986867 | X161: 44902033 | Y161: 44882404 | Z161: 44996494 | AA161: 45032283 | AB161: 45055049 | AC161: 45200417 | AD161: 45703134 | AE161: 46227928 | AF161: 46874004 | AG161: 47408326 | AH161: 47998208 | AI161: 48605568 | AJ161: 49180901 | AK161: 49684429 | AL161: 50139882 | AM161: 50481603 | AN161: 50879503 | AO161: 51294154 | AP161: 51694638 | AQ161: 52095792 | AR161: 52491066 | AS161: 52883901 | AT161: 51486958 | AU161: 50415632 | AV161: 49856858 | AW161: 49748563 | AX161: 48568596 | AY161: 47854863

Sheet co2
A1: Country Name | B1: Indicator Name | C1: 1970 | D1: 1971 | E1: 1972 | F1: 1973 | G1: 1974 | H1: 1975 | I1: 1976 | J1: 1977 | K1: 1978 | L1: 1979 | M1: 1980 | N1: 1981 | O1: 1982 | P1: 1983 | Q1: 1984 | R1: 1985 | S1: 1986 | T1: 1987 | U1: 1988 | V1: 1989 | W1: 1990 | X1: 1991 | Y1: 1992 | Z1: 1993 | AA1: 1994 | AB1: 1995 | AC1: 1996 | AD1: 1997 | AE1: 1998 | AF1: 1999 | AG1: 2000 | AH1: 2001 | AI1: 2002 | AJ1: 2003 | AK1: 2004 | AL1: 2005 | AM1: 2006 | AN1: 2007 | AO1: 2008 | AP1: 2009 | AQ1: 2010 | AR1: 2011 | AS1: 2012 | AT1: 2013 | AU1: 2014 | AV1: 2015 | AW1: 2016 | AX1: 2017 | AY1: 2018 | AZ1: 2019
A2: Afghanistan | B2: CO2 emissions (kt) | C2: 1672.152 | D2: 1895.839 | E2: 1532.806 | F2: 1639.149 | G2: 1917.841 | H2: 2126.86 | I2: 1987.514 | J2: 2390.884 | K2: 2159.863 | L2: 2240.537 | M2: 1760.16 | N2: 1983.847 | O2: 2101.191 | P2: 2522.896 | Q2: 2830.924 | R2: 3509.319 | S2: 3142.619 | T2: 3124.284 | U2: 2867.594 | V2: 2775.919 | W2: 2614.571 | X2: 2438.555 | Y2: 1393.46 | Z2: 1345.789 | AA2: 1294.451 | AB2: 1243.113 | AC2: 1177.107 | AD2: 1096.433 | AE2: 1041.428 | AF2: 821.408 | AG2: 773.737 | AH2: 817.741 | AI2: 1070.764 | AJ2: 1213.777 | AK2: 916.75 | AL2: 1327.454 | AM2: 1650.15 | AN2: 2273.54 | AO2: 4206.049 | AP2: 6769.282 | AQ2: 8463.436 | AR2: 12240.446 | AS2: 10755.311 | AT2: 9050.156 | AU2: 8467.103 | AV2: 9035.488 | AW2: 8672.455 | AX2: 8754.883 | AY2: 8973.443 | AZ2: 8993.443
A3: Albania | B3: CO2 emissions (kt) | C3: 3744.007 | D3: 4352.729 | E3: 5643.513 | F3: 5291.481 | G3: 4345.395 | H3: 4594.751 | I3: 4950.45 | J3: 5720.52 | K3: 6494.257 | L3: 7587.023 | M3: 5170.47 | N3: 7341.334 | O3: 7308.331 | P3: 7631.027 | Q3: 7825.378 | R3: 7880.383 | S3: 8056.399 | T3: 7444.01 | U3: 7326.666 | V3: 8984.15 | W3: 5515.168 | X3: 4286.723 | Y3: 2515.562 | Z3: 2335.879 | AA3: 1925.175 | AB3: 2086.523 | AC3: 2016.85 | AD3: 1543.807 | AE3: 1752.826 | AF3: 2984.938 | AG3: 3021.608 | AH3: 3223.293 | AI3: 3751.341 | AJ3: 4294.057 | AK3: 4165.712 | AL3: 4253.72 | AM3: 3898.021 | AN3: 3927.357 | AO3: 4374.731 | AP3: 4378.398 | AQ3: 4598.418 | AR3: 5240.143 | AS3: 4924.781 | AT3: 4913.78 | AU3: 5489.499 | AV3: 4616.753 | AW3: 4536.079 | AX3: 4687.332 | AY3: 4873.442 | AZ3: 4983.889
A4: Algeria | B4: CO2 emissions (kt) | C4: 15075.037 | D4: 18668.697 | E4: 28349.577 | F4: 38312.816 | G4: 31906.567 | H4: 32031.245 | I4: 39170.894 | J4: 41891.808 | K4: 62529.684 | L4: 45621.147 | M4: 66519.38 | N4: 46438.888 | O4: 39269.903 | P4: 52625.117 | Q4: 71103.13 | R4: 72786.283 | S4: 76277.267 | T4: 84120.98 | U4: 83948.631 | V4: 80046.943 | W4: 76970.33 | X4: 79049.519 | Y4: 80138.618 | Z4: 82210.473 | AA4: 86416.522 | AB4: 95294.329 | AC4: 97098.493 | AD4: 87340.606 | AE4: 106999.39 | AF4: 92045.367 | AG4: 87861.32 | AH4: 84219.989 | AI4: 89907.506 | AJ4: 91575.991 | AK4: 88510.379 | AL4: 107278.09 | AM4: 101069.85 | AN4: 109404.95 | AO4: 110208.02 | AP4: 121399.7 | AQ4: 119177.5 | AR4: 121187.02 | AS4: 129987.82 | AT4: 134465.22 | AU4: 145411.22 | AV4: 153133.92 | AW4: 150005.97 | AX4: 153434.88 | AY4: 159843.77 | AZ4: 169034.89
A5: Angola | B5: CO2 emissions (kt) | C5: 3582.659 | D5: 3410.31 | E5: 4506.743 | F5: 4880.777 | G5: 4873.443 | H5: 4415.068 | I5: 3285.632 | J5: 3534.988 | K5: 5412.492 | L5: 5504.167 | M5: 5346.486 | N5: 5280.48 | O5: 4649.756 | P5: 5115.465 | Q5: 5009.122 | R5: 4701.094 | S5: 4660.757 | T5: 5815.862 | U5: 5130.133 | V5: 5009.122 | W5: 5115.465 | X5: 5089.796 | Y5: 5196.139 | Z5: 5775.525 | AA5: 3890.687 | AB5: 10975.331 | AC5: 10458.284 | AD5: 7381.671 | AE5: 7308.331 | AF5: 9156.499 | AG5: 9541.534 | AH5: 9732.218 | AI5: 12665.818 | AJ5: 9064.824 | AK5: 18793.375 | AL5: 19156.408 | AM5: 22266.024 | AN5: 25151.953 | AO5: 25709.337 | AP5: 27792.193 | AQ5: 29057.308 | AR5: 30586.447 | AS5: 34176.44 | AT5: 33692.396 | AU5: 44851.077 | AV5: 34583.477 | AW5: 34693.487 | AX5: 35467.889 | AY5: 37654.822 | AZ5: 38943.221
A6: Argentina | B6: CO2 emissions (kt) | C6: 82734.854 | D6: 88939.418 | E6: 90156.862 | F6: 94065.884 | G6: 95569.354 | H6: 94931.296 | I6: 99786.404 | J6: 100791.16 | K6: 102639.33 | L6: 110703.06 | M6: 108737.55 | N6: 102041.61 | O6: 103424.07 | P6: 105213.56 | Q6: 106522.68 | R6: 100596.81 | S6: 104212.47 | T6: 114942.12 | U6: 121473.04 | V6: 117090.98 | W6: 112147.86 | X6: 117098.31 | Y6: 121352.03 | Z6: 117927.05 | AA6: 122408.13 | AB6: 127963.63 | AC6: 135000.61 | AD6: 138003.88 | AE6: 139815.38 | AF6: 146984.36 | AG6: 142136.59 | AH6: 133720.82 | AI6: 124714.67 | AJ6: 135062.94 | AK6: 157589.33 | AL6: 162110.74 | AM6: 175436.61 | AN6: 175176.26 | AO6: 189107.19 | AP6: 179961.69 | AQ6: 187904.41 | AR6: 191622.75 | AS6: 193027.21 | AT6: 193701.94 | AU6: 195777.46 | AV6: 201167.95 | AW6: 201347.64 | AX6: 213456.88 | AY6: 223212.82 | AZ6: 212324.88
A7: Armenia | B7: CO2 emissions (kt) | C7: 1754.251 | D7: 1875.415 | E7: 1985.457 | F7: 2156.321 | G7: 1985.452 | H7: 1854.142 | I7: 1985.625 | J7: 2054.748 | K7: 2156.325 | L7: 2548.415 | M7: 2895.457 | N7: 3264.214 | O7: 2956.254 | P7: 3065.859 | Q7: 3124.251 | R7: 3324.152 | S7: 3628.152 | T7: 3458.12 | U7: 3965.458 | V7: 4025.748 | W7: 4132.763 | X7: 4763.772 | Y7: 5826.863 | Z7: 2555.899 | AA7: 2706.246 | AB7: 3410.31 | AC7: 2563.233 | AD7: 3234.294 | AE7: 3362.639 | AF7: 3014.274 | AG7: 3465.315 | AH7: 3542.322 | AI7: 3043.61 | AJ7: 3428.645 | AK7: 3644.998 | AL7: 4349.062 | AM7: 4378.398 | AN7: 5056.793 | AO7: 5551.838 | AP7: 4360.063 | AQ7: 4209.716 | AR7: 4917.447 | AS7: 5694.851 | AT7: 5496.833 | AU7: 5529.836 | AV7: 4803.77 | AW7: 5155.802 | AX7: 5545.882 | AY7: 5645.992 | AZ7: 5893.332
A8: Aruba | B8: CO2 emissions (kt) | C8: 166.64565 | D8: 154.21564 | E8: 145.21316 | F8: 121.12156 | G8: 131.13213 | H8: 133.12236 | I8: 134.56465 | J8: 145.15646 | K8: 154.65445 | L8: 102.32116 | M8: 104.65465 | N8: 104.65465 | O8: 111.56465 | P8: 254.64565 | Q8: 143.56465 | R8: 167.65465 | S8: 179.683 | T8: 447.374 | U8: 612.389 | V8: 649.059 | W8: 487.711 | X8: 531.715 | Y8: 539.049 | Z8: 649.059 | AA8: 660.06 | AB8: 707.731 | AC8: 726.066 | AD8: 759.069 | AE8: 806.74 | AF8: 810.407 | AG8: 2379.883 | AH8: 2409.219 | AI8: 2438.555 | AJ8: 2563.233 | AK8: 2618.238 | AL8: 2720.914 | AM8: 2717.247 | AN8: 2823.59 | AO8: 2658.575 | AP8: 2629.239 | AQ8: 2508.228 | AR8: 2500.894 | AS8: 1349.456 | AT8: 861.745 | AU8: 872.746 | AV8: 898.415 | AW8: 883.747 | AX8: 893.221 | AY8: 912.324 | AZ8: 922.323
A9: Australia | B9: CO2 emissions (kt) | C9: 147618.75 | D9: 152774.55 | E9: 157486.65 | F9: 170992.21 | G9: 172356.33 | H9: 175883.99 | I9: 174244.84 | J9: 187787.07 | K9: 202015.03 | L9: 205069.64 | M9: 220746.07 | N9: 230360.94 | O9: 234119.61 | P9: 225003.45 | Q9: 236594.84 | R9: 241229.93 | S9: 239964.81 | T9: 256106.95 | U9: 261145.4 | V9: 277771.58 | W9: 263704.97 | X9: 261471.77 | Y9: 267984.36 | Z9: 277397.55 | AA9: 278119.95 | AB9: 281860.29 | AC9: 302164.47 | AD9: 305794.8 | AE9: 316883.8 | AF9: 325343.57 | AG9: 329443.28 | AH9: 324844.86 | AI9: 341353.7 | AJ9: 336271.23 | AK9: 342699.48 | AL9: 350172.83 | AM9: 365346.88 | AN9: 372090.49 | AO9: 385904.08 | AP9: 394792.89 | AQ9: 390861.86 | AR9: 391818.95 | AS9: 388126.28 | AT9: 372317.84 | AU9: 361316.84 | AV9: 365332.21 | AW9: 375907.84 | AX9: 387843.22 | AY9: 398454.77 | AZ9: 409434.88
A10: Austria | B10: CO2 emissions (kt) | C10: 50692.608 | D10: 52155.741 | E10: 56193.108 | F10: 60164.469 | G10: 57469.224 | H10: 54392.611 | I10: 58415.31 | J10: 56218.777 | K10: 57483.892 | L10: 61594.599 | M10: 52306.088 | N10: 56130.769 | O10: 53868.23 | P10: 51983.392 | Q10: 54550.292 | R10: 54700.639 | S10: 54080.916 | T10: 57744.249 | U10: 53340.182 | V10: 54117.586 | W10: 57791.92 | X10: 61719.277 | Y10: 56772.494 | Z10: 57219.868 | AA10: 57172.197 | AB10: 59918.78 | AC10: 63332.757 | AD10: 62797.375 | AE10: 63805.8 | AF10: 62016.304 | AG10: 62265.66 | AH10: 65877.655 | AI10: 67010.758 | AJ10: 71854.865 | AK10: 72140.891 | AL10: 73816.71 | AM10: 71818.195 | AN10: 69419.977 | AO10: 68811.255 | AP10: 62793.708 | AQ10: 67564.475 | AR10: 65063.581 | AS10: 62324.332 | AT10: 62529.684 | AU10: 58903.021 | AV10: 61264.569 | AW10: 61447.919 | AX10: 62343.772 | AY10: 63423.211 | AZ10: 69893.229
A11: Azerbaijan | B11: CO2 emissions (kt) | C11: 18965.521 | D11: 19856.632 | E11: 22415.748 | F11: 25364.415 | G11: 26958.963 | H11: 29658.785 | I11: 30529.854 | J11: 31254.478 | K11: 34256.385 | L11: 37458.254 | M11: 39564.415 | N11: 40523.652 | O11: 41547.489 | P11: 42516.547 | Q11: 44859.561 | R11: 46851.147 | S11: 49562.125 | T11: 50896.529 | U11: 51245.478 | V11: 52165.215 | W11: 54875.985 | X11: 55421.521 | Y11: 56240.779 | Z11: 48452.071 | AA11: 41976.149 | AB11: 33333.03 | AC11: 31257.508 | AD11: 29809.043 | AE11: 31675.546 | AF11: 28576.931 | AG11: 29508.349 | AH11: 28771.282 | AI11: 29614.692 | AJ11: 30615.783 | AK11: 32089.917 | AL11: 34337.788 | AM11: 39167.227 | AN11: 30509.44 | AO11: 35503.894 | AP11: 31902.9 | AQ11: 30678.122 | AR11: 33248.689 | AS11: 35397.551 | AT11: 35496.56 | AU11: 37385.065 | AV11: 37597.751 | AW11: 37619.753 | AX11: 38743.882 | AY11: 39843.221 | AZ11: 40932.432
A12: Bahrain | B12: CO2 emissions (kt) | C12: 2592.569 | D12: 3039.943 | E12: 3681.668 | F12: 5522.502 | G12: 5405.158 | H12: 5753.523 | I12: 6574.931 | J12: 7469.679 | K12: 7766.706 | L12: 8133.406 | M12: 7887.717 | N12: 8525.775 | O12: 9838.561 | P12: 8228.748 | Q12: 9207.837 | R12: 10194.26 | S12: 11012.001 | T12: 11430.039 | U12: 12163.439 | V12: 11738.067 | W12: 12427.463 | X12: 11877.413 | Y12: 10901.991 | Z12: 14642.331 | AA12: 14789.011 | AB12: 14818.347 | AC12: 15621.42 | AD12: 17319.241 | AE12: 18404.673 | AF12: 18019.638 | AG12: 18819.044 | AH12: 14099.615 | AI12: 15889.111 | AJ12: 16802.194 | AK12: 17953.632 | AL12: 19878.807 | AM12: 19493.772 | AN12: 26846.107 | AO12: 29768.706 | AP12: 28217.565 | AQ12: 29266.327 | AR12: 28848.289 | AS12: 27553.838 | AT12: 31407.855 | AU12: 31367.518 | AV12: 32892.99 | AW12: 31693.881 | AX12: 32432.443 | AY12: 33892.332 | AZ12: 34892.322
A13: Bangladesh | B13: CO2 emissions (kt) | C13: 24337.879 | D13: 23076.431 | E13: 3509.319 | F13: 4554.414 | G13: 4660.757 | H13: 4869.776 | I13: 5570.173 | J13: 5812.195 | K13: 6017.547 | L13: 6648.271 | M13: 7638.361 | N13: 7931.721 | O13: 8599.115 | P13: 8236.082 | Q13: 9123.496 | R13: 10234.597 | S13: 11463.042 | T13: 11862.745 | U13: 13545.898 | V13: 13454.223 | W13: 14161.954 | X13: 14811.013 | Y13: 15452.738 | Z13: 16138.467 | AA13: 17619.935 | AB13: 21129.254 | AC13: 21679.304 | AD13: 23421.129 | AE13: 23567.809 | AF13: 25705.67 | AG13: 27627.178 | AH13: 32621.632 | AI13: 33615.389 | AJ13: 35144.528 | AK13: 37682.092 | AL13: 39500.924 | AM13: 43567.627 | AN13: 44539.382 | AO13: 49625.511 | AP13: 54473.285 | AQ13: 60223.141 | AR13: 63233.748 | AS13: 67670.818 | AT13: 69456.647 | AU13: 73758.038 | AV13: 81073.703 | AW13: 84245.658 | AX13: 89873.433 | AY13: 92345.444 | AZ13: 109232.32
... A161: Zimbabwe | B161: CO2 emissions (kt) | C161: 8162.742 | D161: 8742.128 | E161: 8225.081 | F161: 9281.177 | G161: 9057.49 | H161: 8320.423 | I161: 10868.988 | J161: 9299.512 | K161: 9295.845 | L161: 9449.859 | M161: 9636.876 | N161: 9435.191 | O161: 8811.801 | P161: 10461.951 | Q161: 9922.902 | R161: 10263.933 | S161: 13127.86 | T161: 15240.052 | U161: 16101.797 | V161: 16186.138 | W161: 15643.422 | X161: 15955.117 | Y161: 17011.213 | Z161: 16362.154 | AA161: 17795.951 | AB161: 15130.042 | AC161: 14994.363 | AD161: 14407.643 | AE161: 14253.629 | AF161: 15834.106 | AG161: 13923.599 | AH161: 12596.145 | AI161: 11965.421 | AJ161: 10656.302 | AK161: 9486.529 | AL161: 10769.979 | AM161: 10447.283 | AN161: 9886.232 | AO161: 7770.373 | AP161: 5603.176 | AQ161: 7803.376 | AR161: 9622.208 | AS161: 7873.049 | AT161: 11771.07 | AU161: 12115.768 | AV161: 12317.453 | AW161: 10982.665 | AX161: 11457.471 | AY161: 12452.121 | AZ161: 13562.526

Sheet energy average
A1: Country Name | B1: Indicator Name | C1: 1970 | D1: 1971 | E1: 1972 | F1: 1973 | G1: 1974 | H1: 1975 | I1: 1976 | J1: 1977 | K1: 1978 | L1: 1979 | M1: 1980 | N1: 1981 | O1: 1982 | P1: 1983 | Q1: 1984 | R1: 1985 | S1: 1986 | T1: 1987 | U1: 1988 | V1: 1989 | W1: 1990 | X1: 1991 | Y1: 1992 | Z1: 1993 | AA1: 1994 | AB1: 1995 | AC1: 1996 | AD1: 1997 | AE1: 1998 | AF1: 1999 | AG1: 2000 | AH1: 2001 | AI1: 2002 | AJ1: 2003 | AK1: 2004 | AL1: 2005 | AM1: 2006 | AN1: 2007 | AO1: 2008 | AP1: 2009 | AQ1: 2010 | AR1: 2011 | AS1: 2012 | AT1: 2013 | AU1: 2014 | AV1: 2015 | AW1: 2016 | AX1: 2017 | AY1: 2018 | AZ1: 2019
A2: Afghanistan | B2: Energy price | C2: 0.058222 | D2: 0.059888 | E2: 0.062088 | F2: 0.064924 | G2: 0.067974 | H2: 0.070368 | I2: 0.072502 | J2: 0.075224 | K2: 0.073984 | L2: 0.07543 | M2: 0.077928 | N2: 0.079874 | O2: 0.083554 | P2: 0.082674 | Q2: 0.085036 | R2: 0.086464 | S2: 0.088402 | T2: 0.089102 | U2: 0.091284 | V2: 0.093912 | W2: 0.094922 | X2: 0.097996 | Y2: 0.100254 | Z2: 0.102428 | AA2: 0.104704 | AB2: 0.105028 | AC2: 0.105504 | AD2: 0.107478 | AE2: 0.107764 | AF2: 0.109386 | AG2: 0.114734 | AH2: 0.119518 | AI2: 0.124802 | AJ2: 0.129508 | AK2: 0.133694 | AL2: 0.13884 | AM2: 0.145516 | AN2: 0.151022 | AO2: 0.16356 | AP2: 0.16974 | AQ2: 0.16731 | AR2: 0.182878 | AS2: 0.181466 | AT2: 0.186722 | AU2: 0.186894 | AV2: 0.16506 | AW2: 0.164788 | AX2: 0.168664 | AY2: 0.175104 | AZ2: 0.18584
A3: Albania | B3: Energy price | C3: 0.058222 | D3: 0.059888 | E3: 0.062088 | F3: 0.064924 | G3: 0.067974 | H3: 0.070368 | I3: 0.072502 | J3: 0.075224 | K3: 0.073984 | L3: 0.07543 | M3: 0.077928 | N3: 0.079874 | O3: 0.083554 | P3: 0.082674 | Q3: 0.085036 | R3: 0.086464 | S3: 0.088402 | T3: 0.089102 | U3: 0.091284 | V3: 0.093912 | W3: 0.094922 | X3: 0.097996 | Y3: 0.100254 | Z3: 0.102428 | AA3: 0.104704 | AB3: 0.105028 | AC3: 0.105504 | AD3: 0.107478 | AE3: 0.107764 | AF3: 0.109386 | AG3: 0.114734 | AH3: 0.119518 | AI3: 0.124802 | AJ3: 0.129508 | AK3: 0.133694 | AL3: 0.13884 | AM3: 0.145516 | AN3: 0.151022 | AO3: 0.16356 | AP3: 0.16974 | AQ3: 0.16731 | AR3: 0.182878 | AS3: 0.181466 | AT3: 0.186722 | AU3: 0.186894 | AV3: 0.16506 | AW3: 0.164788 | AX3: 0.168664 | AY3: 0.175104 | AZ3: 0.18584
A4: Algeria | B4: Energy price | C4: 0.058222 | D4: 0.059888 | E4: 0.062088 | F4: 0.064924 | G4: 0.067974 | H4: 0.070368 | I4: 0.072502 | J4: 0.075224 | K4: 0.073984 | L4: 0.07543 | M4: 0.077928 | N4: 0.079874 | O4: 0.083554 | P4: 0.082674 | Q4: 0.085036 | R4: 0.086464 | S4: 0.088402 | T4: 0.089102 | U4: 0.091284 | V4: 0.093912 | W4: 0.094922 | X4: 0.097996 | Y4: 0.100254 | Z4: 0.102428 | AA4: 0.104704 | AB4: 0.105028 | AC4: 0.105504 | AD4: 0.107478 | AE4: 0.107764 | AF4: 0.109386 | AG4: 0.114734 | AH4: 0.119518 | AI4: 0.124802 | AJ4: 0.129508 | AK4: 0.133694 | AL4: 0.13884 | AM4: 0.145516 | AN4: 0.151022 | AO4: 0.16356 | AP4: 0.16974 | AQ4: 0.16731 | AR4: 0.182878 | AS4: 0.181466 | AT4: 0.186722 | AU4: 0.186894 | AV4: 0.16506 | AW4: 0.164788 | AX4: 0.168664 | AY4: 0.175104 | AZ4: 0.18584
A5: Angola | B5: Energy price | C5: 0.058222 | D5: 0.059888 | E5: 0.062088 | F5: 0.064924 | G5: 0.067974 | H5: 0.070368 | I5: 0.072502 | J5: 0.075224 | K5: 0.073984 | L5: 0.07543 | M5: 0.077928 | N5: 0.079874 | O5: 0.083554 | P5: 0.082674 | Q5: 0.085036 | R5: 0.086464 | S5: 0.088402 | T5: 0.089102 | U5: 0.091284 | V5: 0.093912 | W5: 0.094922 | X5: 0.097996 | Y5: 0.100254 | Z5: 0.102428 | AA5: 0.104704 | AB5: 0.105028 | AC5: 0.105504 | AD5: 0.107478 | AE5: 0.107764 | AF5: 0.109386 | AG5: 0.114734 | AH5: 0.119518 | AI5: 0.124802 | AJ5: 0.129508 | AK5: 0.133694 | AL5: 0.13884 | AM5: 0.145516 | AN5: 0.151022 | AO5: 0.16356 | AP5: 0.16974 | AQ5: 0.16731 | AR5: 0.182878 | AS5: 0.181466 | AT5: 0.186722 | AU5: 0.186894 | AV5: 0.16506 | AW5: 0.164788 | AX5: 0.168664 | AY5: 0.175104 | AZ5: 0.18584
A6: Argentina | B6: Energy price | C6: 0.058222 | D6: 0.059888 | E6: 0.062088 | F6: 0.064924 | G6: 0.067974 | H6: 0.070368 | I6: 0.072502 | J6: 0.075224 | K6: 0.073984 | L6: 0.07543 | M6: 0.077928 | N6: 0.079874 | O6: 0.083554 | P6: 0.082674 | Q6: 0.085036 | R6: 0.086464 | S6: 0.088402 | T6: 0.089102 | U6: 0.091284 | V6: 0.093912 | W6: 0.094922 | X6: 0.097996 | Y6: 0.100254 | Z6: 0.102428 | AA6: 0.104704 | AB6: 0.105028 | AC6: 0.105504 | AD6: 0.107478 | AE6: 0.107764 | AF6: 0.109386 | AG6: 0.114734 | AH6: 0.119518 | AI6: 0.124802 | AJ6: 0.129508 | AK6: 0.133694 | AL6: 0.13884 | AM6: 0.145516 | AN6: 0.151022 | AO6: 0.16356 | AP6: 0.16974 | AQ6: 0.16731 | AR6: 0.182878 | AS6: 0.181466 | AT6: 0.186722 | AU6: 0.186894 | AV6: 0.16506 | AW6: 0.164788 | AX6: 0.168664 | AY6: 0.175104 | AZ6: 0.18584
A7: Armenia | B7: Energy price | C7: 0.058222 | D7: 0.059888 | E7: 0.062088 | F7: 0.064924 | G7: 0.067974 | H7: 0.070368 | I7: 0.072502 | J7: 0.075224 | K7: 0.073984 | L7: 0.07543 | M7: 0.077928 | N7: 0.079874 | O7: 0.083554 | P7: 0.082674 | Q7: 0.085036 | R7: 0.086464 | S7: 0.088402 | T7: 0.089102 | U7: 0.091284 | V7: 0.093912 | W7: 0.094922 | X7: 0.097996 | Y7: 0.100254 | Z7: 0.102428 | AA7: 0.104704 | AB7: 0.105028 | AC7: 0.105504 | AD7: 0.107478 | AE7: 0.107764 | AF7: 0.109386 | AG7: 0.114734 | AH7: 0.119518 | AI7: 0.124802 | AJ7: 0.129508 | AK7: 0.133694 | AL7: 0.13884 | AM7: 0.145516 | AN7: 0.151022 | AO7: 0.16356 | AP7: 0.16974 | AQ7: 0.16731 | AR7: 0.182878 | AS7: 0.181466 | AT7: 0.186722 | AU7: 0.186894 | AV7: 0.16506 | AW7: 0.164788 | AX7: 0.168664 | AY7: 0.175104 | AZ7: 0.18584
A8: Aruba | B8: Energy price | C8: 0.058222 | D8: 0.059888 | E8: 0.062088 | F8: 0.064924 | G8: 0.067974 | H8: 0.070368 | I8: 0.072502 | J8: 0.075224 | K8: 0.073984 | L8: 0.07543 | M8: 0.077928 | N8: 0.079874 | O8: 0.083554 | P8: 0.082674 | Q8: 0.085036 | R8: 0.086464 | S8: 0.088402 | T8: 0.089102 | U8: 0.091284 | V8: 0.093912 | W8: 0.094922 | X8: 0.097996 | Y8: 0.100254 | Z8: 0.102428 | AA8: 0.104704 | AB8: 0.105028 | AC8: 0.105504 | AD8: 0.107478 | AE8: 0.107764 | AF8: 0.109386 | AG8: 0.114734 | AH8: 0.119518 | AI8: 0.124802 | AJ8: 0.129508 | AK8: 0.133694 | AL8: 0.13884 | AM8: 0.145516 | AN8: 0.151022 | AO8: 0.16356 | AP8: 0.16974 | AQ8: 0.16731 | AR8: 0.182878 | AS8: 0.181466 | AT8: 0.186722 | AU8: 0.186894 | AV8: 0.16506 | AW8: 0.164788 | AX8: 0.168664 | AY8: 0.175104 | AZ8: 0.18584
A9: Azerbaijan | B9: Energy price | C9: 0.058222 | D9: 0.059888 | E9: 0.062088 | F9: 0.064924 | G9: 0.067974 | H9: 0.070368 | I9: 0.072502 | J9: 0.075224 | K9: 0.073984 | L9: 0.07543 | M9: 0.077928 | N9: 0.079874 | O9: 0.083554 | P9: 0.082674 | Q9: 0.085036 | R9: 0.086464 | S9: 0.088402 | T9: 0.089102 | U9: 0.091284 | V9: 0.093912 | W9: 0.094922 | X9: 0.097996 | Y9: 0.100254 | Z9: 0.102428 | AA9: 0.104704 | AB9: 0.105028 | AC9: 0.105504 | AD9: 0.107478 | AE9: 0.107764 | AF9: 0.109386 | AG9: 0.114734 | AH9: 0.119518 | AI9: 0.124802 | AJ9: 0.129508 | AK9: 0.133694 | AL9: 0.13884 | AM9: 0.145516 | AN9: 0.151022 | AO9: 0.16356 | AP9: 0.16974 | AQ9: 0.16731 | AR9: 0.182878 | AS9: 0.181466 | AT9: 0.186722 | AU9: 0.186894 | AV9: 0.16506 | AW9: 0.164788 | AX9: 0.168664 | AY9: 0.175104 | AZ9: 0.18584
A10: Bahrain | B10: Energy price | C10: 0.058222 | D10: 0.059888 | E10: 0.062088 | F10: 0.064924 | G10: 0.067974 | H10: 0.070368 | I10: 0.072502 | J10: 0.075224 | K10: 0.073984 | L10: 0.07543 | M10: 0.077928 | N10: 0.079874 | O10: 0.083554 | P10: 0.082674 | Q10: 0.085036 | R10: 0.086464 | S10: 0.088402 | T10: 0.089102 | U10: 0.091284 | V10: 0.093912 | W10: 0.094922 | X10: 0.097996 | Y10: 0.100254 | Z10: 0.102428 | AA10: 0.104704 | AB10: 0.105028 | AC10: 0.105504 | AD10: 0.107478 | AE10: 0.107764 | AF10: 0.109386 | AG10: 0.114734 | AH10: 0.119518 | AI10: 0.124802 | AJ10: 0.129508 | AK10: 0.133694 | AL10: 0.13884 | AM10: 0.145516 | AN10: 0.151022 | AO10: 0.16356 | AP10: 0.16974 | AQ10: 0.16731 | AR10: 0.182878 | AS10: 0.181466 | AT10: 0.186722 | AU10: 0.186894 | AV10: 0.16506 | AW10: 0.164788 | AX10: 0.168664 | AY10: 0.175104 | AZ10: 0.18584
A11: Bangladesh | B11: Energy price | C11: 0.058222 | D11: 0.059888 | E11: 0.062088 | F11: 0.064924 | G11: 0.067974 | H11: 0.070368 | I11: 0.072502 | J11: 0.075224 | K11: 0.073984 | L11: 0.07543 | M11: 0.077928 | N11: 0.079874 | O11: 0.083554 | P11: 0.082674 | Q11: 0.085036 | R11: 0.086464 | S11: 0.088402 | T11: 0.089102 | U11: 0.091284 | V11: 0.093912 | W11: 0.094922 | X11: 0.097996 | Y11: 0.100254 | Z11: 0.102428 | AA11: 0.104704 | AB11: 0.105028 | AC11: 0.105504 | AD11: 0.107478 | AE11: 0.107764 | AF11: 0.109386 | AG11: 0.114734 | AH11: 0.119518 | AI11: 0.124802 | AJ11: 0.129508 | AK11: 0.133694 | AL11: 0.13884 | AM11: 0.145516 | AN11: 0.151022 | AO11: 0.16356 | AP11: 0.16974 | AQ11: 0.16731 | AR11: 0.182878 | AS11: 0.181466 | AT11: 0.186722 | AU11: 0.186894 | AV11: 0.16506 | AW11: 0.164788 | AX11: 0.168664 | AY11: 0.175104 | AZ11: 0.18584
A12: Barbados | B12: Energy price | C12: 0.058222 | D12: 0.059888 | E12: 0.062088 | F12: 0.064924 | G12: 0.067974 | H12: 0.070368 | I12: 0.072502 | J12: 0.075224 | K12: 0.073984 | L12: 0.07543 | M12: 0.077928 | N12: 0.079874 | O12: 0.083554 | P12: 0.082674 | Q12: 0.085036 | R12: 0.086464 | S12: 0.088402 | T12: 0.089102 | U12: 0.091284 | V12: 0.093912 | W12: 0.094922 | X12: 0.097996 | Y12: 0.100254 | Z12: 0.102428 | AA12: 0.104704 | AB12: 0.105028 | AC12: 0.105504 | AD12: 0.107478 | AE12: 0.107764 | AF12: 0.109386 | AG12: 0.114734 | AH12: 0.119518 | AI12: 0.124802 | AJ12: 0.129508 | AK12: 0.133694 | AL12: 0.13884 | AM12: 0.145516 | AN12: 0.151022 | AO12: 0.16356 | AP12: 0.16974 | AQ12: 0.16731 | AR12: 0.182878 | AS12: 0.181466 | AT12: 0.186722 | AU12: 0.186894 | AV12: 0.16506 | AW12: 0.164788 | AX12: 0.168664 | AY12: 0.175104 | AZ12: 0.18584
A13: Belarus | B13: Energy price | C13: 0.058222 | D13: 0.059888 | E13: 0.062088 | F13: 0.064924 | G13: 0.067974 | H13: 0.070368 | I13: 0.072502 | J13: 0.075224 | K13: 0.073984 | L13: 0.07543 | M13: 0.077928 | N13: 0.079874 | O13: 0.083554 | P13: 0.082674 | Q13: 0.085036 | R13: 0.086464 | S13: 0.088402 | T13: 0.089102 | U13: 0.091284 | V13: 0.093912 | W13: 0.094922 | X13: 0.097996 | Y13: 0.100254 | Z13: 0.102428 | AA13: 0.104704 | AB13: 0.105028 | AC13: 0.105504 | AD13: 0.107478 | AE13: 0.107764 | AF13: 0.109386 | AG13: 0.114734 | AH13: 0.119518 | AI13: 0.124802 | AJ13: 0.129508 | AK13: 0.133694 | AL13: 0.13884 | AM13: 0.145516 | AN13: 0.151022 | AO13: 0.16356 | AP13: 0.16974 | AQ13: 0.16731 | AR13: 0.182878 | AS13: 0.181466 | AT13: 0.186722 | AU13: 0.186894 | AV13: 0.16506 | AW13: 0.164788 | AX13: 0.168664 | AY13: 0.175104 | AZ13: 0.18584
... A111: Zimbabwe | B111: Energy price | C111: 0.058222 | D111: 0.059888 | E111: 0.062088 | F111: 0.064924 | G111: 0.067974 | H111: 0.070368 | I111: 0.072502 | J111: 0.075224 | K111: 0.073984 | L111: 0.07543 | M111: 0.077928 | N111: 0.079874 | O111: 0.083554 | P111: 0.082674 | Q111: 0.085036 | R111: 0.086464 | S111: 0.088402 | T111: 0.089102 | U111: 0.091284 | V111: 0.093912 | W111: 0.094922 | X111: 0.097996 | Y111: 0.100254 | Z111: 0.102428 | AA111: 0.104704 | AB111: 0.105028 | AC111: 0.105504 | AD111: 0.107478 | AE111: 0.107764 | AF111: 0.109386 | AG111: 0.114734 | AH111: 0.119518 | AI111: 0.124802 | AJ111: 0.129508 | AK111: 0.133694 | AL111: 0.13884 | AM111: 0.145516 | AN111: 0.151022 | AO111: 0.16356 | AP111: 0.16974 | AQ111: 0.16731 | AR111: 0.182878 | AS111: 0.181466 | AT111: 0.186722 | AU111: 0.186894 | AV111: 0.16506 | AW111: 0.164788 | AX111: 0.168664 | AY111: 0.175104 | AZ111: 0.18584

Sheet energy actual
A1: Country Name | B1: Indicator Name | C1: 1970 | D1: 1971 | E1: 1972 | F1: 1973 | G1: 1974 | H1: 1975 | I1: 1976 | J1: 1977 | K1: 1978 | L1: 1979 | M1: 1980 | N1: 1981 | O1: 1982 | P1: 1983 | Q1: 1984 | R1: 1985 | S1: 1986 | T1: 1987 | U1: 1988 | V1: 1989 | W1: 1990 | X1: 1991 | Y1: 1992 | Z1: 1993 | AA1: 1994 | AB1: 1995 | AC1: 1996 | AD1: 1997 | AE1: 1998 | AF1: 1999 | AG1: 2000 | AH1: 2001 | AI1: 2002 | AJ1: 2003 | AK1: 2004 | AL1: 2005 | AM1: 2006 | AN1: 2007 | AO1: 2008 | AP1: 2009 | AQ1: 2010 | AR1: 2011 | AS1: 2012 | AT1: 2013 | AU1: 2014 | AV1: 2015 | AW1: 2016 | AX1: 2017 | AY1: 2018 | AZ1: 2019
A2: Australia | B2: Energy price | C2: 0.021 | D2: 0.024 | E2: 0.027 | F2: 0.028 | G2: 0.028 | H2: 0.031 | I2: 0.039 | J2: 0.033 | K2: 0.031 | L2: 0.031 | M2: 0.037 | N2: 0.039 | O2: 0.04 | P2: 0.041 | Q2: 0.044 | R2: 0.049 | S2: 0.052 | T2: 0.051 | U2: 0.057 | V2: 0.058 | W2: 0.064 | X2: 0.068 | Y2: 0.069 | Z2: 0.072 | AA2: 0.074 | AB2: 0.071 | AC2: 0.079 | AD2: 0.082 | AE2: 0.084 | AF2: 0.084 | AG2: 0.083 | AH2: 0.091 | AI2: 0.092 | AJ2: 0.094 | AK2: 0.098 | AL2: 0.098 | AM2: 0.098 | AN2: 0.098 | AO2: 0.098 | AP2: 0.102 | AQ2: 0.135 | AR2: 0.2102 | AS2: 0.2949 | AT2: 0.2877 | AU2: 0.2833 | AV2: 0.2123 | AW2: 0.202 | AX2: 0.2371 | AY2: 0.2485 | AZ2: 0.263
A3: Austria | B3: Energy price | C3: 0.066 | D3: 0.067 | E3: 0.069 | F3: 0.079 | G3: 0.088 | H3: 0.084 | I3: 0.089 | J3: 0.095 | K3: 0.099 | L3: 0.091 | M3: 0.097 | N3: 0.095 | O3: 0.098 | P3: 0.109 | Q3: 0.121 | R3: 0.124 | S3: 0.128 | T3: 0.134 | U3: 0.128 | V3: 0.13 | W3: 0.133 | X3: 0.137 | Y3: 0.139 | Z3: 0.143 | AA3: 0.145 | AB3: 0.154 | AC3: 0.159 | AD3: 0.162 | AE3: 0.164 | AF3: 0.138 | AG3: 0.142 | AH3: 0.144 | AI3: 0.154 | AJ3: 0.152 | AK3: 0.163 | AL3: 0.158 | AM3: 0.162 | AN3: 0.18 | AO3: 0.206 | AP3: 0.218 | AQ3: 0.2576 | AR3: 0.2727 | AS3: 0.2539 | AT3: 0.2719 | AU3: 0.2669 | AV3: 0.2215 | AW3: 0.2229 | AX3: 0.2219 | AY3: 0.2302 | AZ3: 0.245
A4: Belgium | B4: Energy price | C4: 0.08 | D4: 0.08 | E4: 0.08 | F4: 0.08 | G4: 0.08 | H4: 0.09 | I4: 0.09 | J4: 0.09 | K4: 0.09 | L4: 0.1 | M4: 0.1 | N4: 0.1 | O4: 0.1 | P4: 0.11 | Q4: 0.11 | R4: 0.12 | S4: 0.12 | T4: 0.12 | U4: 0.12 | V4: 0.13 | W4: 0.13 | X4: 0.14 | Y4: 0.14 | Z4: 0.14 | AA4: 0.14 | AB4: 0.15 | AC4: 0.15 | AD4: 0.16 | AE4: 0.159 | AF4: 0.155 | AG4: 0.161 | AH4: 0.1712 | AI4: 0.1789 | AJ4: 0.1825 | AK4: 0.1844 | AL4: 0.1925 | AM4: 0.1955 | AN4: 0.201 | AO4: 0.208 | AP4: 0.193 | AQ4: 0.201 | AR4: 0.2832 | AS4: 0.272 | AT4: 0.2803 | AU4: 0.2619 | AV4: 0.2394 | AW4: 0.2922 | AX4: 0.3198 | AY4: 0.3287 | AZ4: 0.306
A5: Brazil | B5: Energy price | C5: 0.09 | D5: 0.1 | E5: 0.11 | F5: 0.124 | G5: 0.127 | H5: 0.129 | I5: 0.13 | J5: 0.131 | K5: 0.133 | L5: 0.135 | M5: 0.134 | N5: 0.138 | O5: 0.139 | P5: 0.139 | Q5: 0.146 | R5: 0.146 | S5: 0.147 | T5: 0.147 | U5: 0.15 | V5: 0.151 | W5: 0.155 | X5: 0.154 | Y5: 0.161 | Z5: 0.162 | AA5: 0.164 | AB5: 0.169 | AC5: 0.172 | AD5: 0.174 | AE5: 0.174 | AF5: 0.176 | AG5: 0.179 | AH5: 0.189 | AI5: 0.187 | AJ5: 0.185 | AK5: 0.194 | AL5: 0.195 | AM5: 0.198 | AN5: 0.207 | AO5: 0.217 | AP5: 0.206 | AQ5: 0.206 | AR5: 0.198 | AS5: 0.187 | AT5: 0.185 | AU5: 0.174 | AV5: 0.176 | AW5: 0.168 | AX5: 0.164 | AY5: 0.155 | AZ5: 0.145
A6: Bulgaria | B6: Energy price | C6: 0.04 | D6: 0.04 | E6: 0.04 | F6: 0.04 | G6: 0.04 | H6: 0.04 | I6: 0.041 | J6: 0.044 | K6: 0.048 | L6: 0.044 | M6: 0.047 | N6: 0.052 | O6: 0.051 | P6: 0.049 | Q6: 0.058 | R6: 0.058 | S6: 0.059 | T6: 0.061 | U6: 0.057 | V6: 0.052 | W6: 0.059 | X6: 0.054 | Y6: 0.068 | Z6: 0.068 | AA6: 0.069 | AB6: 0.071 | AC6: 0.074 | AD6: 0.075 | AE6: 0.087 | AF6: 0.077 | AG6: 0.078 | AH6: 0.091 | AI6: 0.089 | AJ6: 0.095 | AK6: 0.098 | AL6: 0.107 | AM6: 0.109 | AN6: 0.118 | AO6: 0.113 | AP6: 0.114 | AQ6: 0.108 | AR6: 0.115 | AS6: 0.156 | AT6: 0.142 | AU6: 0.165 | AV6: 0.144 | AW6: 0.178 | AX6: 0.158 | AY6: 0.148 | AZ6: 0.138
A7: Canada | B7: Energy price | C7: 0.02 | D7: 0.021 | E7: 0.029 | F7: 0.034 | G7: 0.039 | H7: 0.038 | I7: 0.034 | J7: 0.039 | K7: 0.031 | L7: 0.034 | M7: 0.033 | N7: 0.039 | O7: 0.04 | P7: 0.041 | Q7: 0.044 | R7: 0.049 | S7: 0.048 | T7: 0.043 | U7: 0.044 | V7: 0.047 | W7: 0.049 | X7: 0.057 | Y7: 0.059 | Z7: 0.055 | AA7: 0.057 | AB7: 0.059 | AC7: 0.061 | AD7: 0.066 | AE7: 0.068 | AF7: 0.068 | AG7: 0.064 | AH7: 0.067 | AI7: 0.069 | AJ7: 0.07 | AK7: 0.071 | AL7: 0.076 | AM7: 0.077 | AN7: 0.079 | AO7: 0.078 | AP7: 0.081 | AQ7: 0.0933 | AR7: 0.1049 | AS7: 0.1045 | AT7: 0.1038 | AU7: 0.0987 | AV7: 0.0927 | AW7: 0.1063 | AX7: 0.109 | AY7: 0.113 | AZ7: 0.109
A8: Chile | B8: Energy price | C8: 0.024 | D8: 0.024 | E8: 0.024 | F8: 0.024 | G8: 0.027 | H8: 0.027 | I8: 0.028 | J8: 0.028 | K8: 0.029 | L8: 0.031 | M8: 0.033 | N8: 0.032 | O8: 0.033 | P8: 0.037 | Q8: 0.039 | R8: 0.041 | S8: 0.042 | T8: 0.048 | U8: 0.044 | V8: 0.049 | W8: 0.05 | X8: 0.052 | Y8: 0.051 | Z8: 0.054 | AA8: 0.059 | AB8: 0.06 | AC8: 0.061 | AD8: 0.063 | AE8: 0.055 | AF8: 0.098 | AG8: 0.163 | AH8: 0.178 | AI8: 0.185 | AJ8: 0.189 | AK8: 0.184 | AL8: 0.201 | AM8: 0.199 | AN8: 0.233 | AO8: 0.331 | AP8: 0.317 | AQ8: 0.2088 | AR8: 0.2108 | AS8: 0.1854 | AT8: 0.1723 | AU8: 0.1514 | AV8: 0.1578 | AW8: 0.1693 | AX8: 0.1993 | AY8: 0.197 | AZ8: 0.197
A9: China | B9: Energy price | C9: 0.01 | D9: 0.01 | E9: 0.017 | F9: 0.017 | G9: 0.018 | H9: 0.018 | I9: 0.019 | J9: 0.019 | K9: 0.019 | L9: 0.021 | M9: 0.021 | N9: 0.021 | O9: 0.029 | P9: 0.029 | Q9: 0.029 | R9: 0.029 | S9: 0.031 | T9: 0.031 | U9: 0.032 | V9: 0.032 | W9: 0.032 | X9: 0.032 | Y9: 0.0332 | Z9: 0.045 | AA9: 0.045 | AB9: 0.045 | AC9: 0.045 | AD9: 0.05 | AE9: 0.051 | AF9: 0.051 | AG9: 0.051 | AH9: 0.053 | AI9: 0.053 | AJ9: 0.053 | AK9: 0.063 | AL9: 0.063 | AM9: 0.063 | AN9: 0.064 | AO9: 0.064 | AP9: 0.064 | AQ9: 0.068 | AR9: 0.069 | AS9: 0.07 | AT9: 0.07 | AU9: 0.07 | AV9: 0.07 | AW9: 0.07 | AX9: 0.08 | AY9: 0.08 | AZ9: 0.084
A10: Costa Rica | B10: Energy price | C10: 0.052 | D10: 0.053 | E10: 0.051 | F10: 0.052 | G10: 0.059 | H10: 0.058 | I10: 0.054 | J10: 0.063 | K10: 0.061 | L10: 0.058 | M10: 0.052 | N10: 0.052 | O10: 0.054 | P10: 0.054 | Q10: 0.057 | R10: 0.057 | S10: 0.058 | T10: 0.058 | U10: 0.059 | V10: 0.06 | W10: 0.062 | X10: 0.063 | Y10: 0.063 | Z10: 0.063 | AA10: 0.062 | AB10: 0.061 | AC10: 0.064 | AD10: 0.065 | AE10: 0.069 | AF10: 0.078 | AG10: 0.074 | AH10: 0.071 | AI10: 0.079 | AJ10: 0.074 | AK10: 0.084 | AL10: 0.085 | AM10: 0.087 | AN10: 0.096 | AO10: 0.097 | AP10: 0.113 | AQ10: 0.114 | AR10: 0.121 | AS10: 0.127 | AT10: 0.128 | AU10: 0.134 | AV10: 0.139 | AW10: 0.141 | AX10: 0.148 | AY10: 0.149 | AZ10: 0.152
A11: Croatia | B11: Energy price | C11: 0.021 | D11: 0.024 | E11: 0.017 | F11: 0.015 | G11: 0.021 | H11: 0.025 | I11: 0.027 | J11: 0.028 | K11: 0.024 | L11: 0.021 | M11: 0.025 | N11: 0.027 | O11: 0.029 | P11: 0.029 | Q11: 0.038 | R11: 0.031 | S11: 0.034 | T11: 0.031 | U11: 0.039 | V11: 0.037 | W11: 0.038 | X11: 0.039 | Y11: 0.042 | Z11: 0.041 | AA11: 0.043 | AB11: 0.044 | AC11: 0.041 | AD11: 0.044 | AE11: 0.047 | AF11: 0.049 | AG11: 0.051 | AH11: 0.061 | AI11: 0.065 | AJ11: 0.082 | AK11: 0.087 | AL11: 0.098 | AM11: 0.115 | AN11: 0.121 | AO11: 0.132 | AP11: 0.158 | AQ11: 0.163 | AR11: 0.156 | AS11: 0.145 | AT11: 0.138 | AU11: 0.135 | AV11: 0.125 | AW11: 0.147 | AX11: 0.149 | AY11: 0.158 | AZ11: 0.165
A12: Cuba | B12: Energy price | C12: 0.003 | D12: 0.003 | E12: 0.006 | F12: 0.005 | G12: 0.005 | H12: 0.004 | I12: 0.008 | J12: 0.009 | K12: 0.009 | L12: 0.01 | M12: 0.011 | N12: 0.012 | O12: 0.014 | P12: 0.015 | Q12: 0.017 | R12: 0.015 | S12: 0.019 | T12: 0.019 | U12: 0.023 | V12: 0.021 | W12: 0.024 | X12: 0.027 | Y12: 0.029 | Z12: 0.032 | AA12: 0.034 | AB12: 0.031 | AC12: 0.038 | AD12: 0.039 | AE12: 0.042 | AF12: 0.042 | AG12: 0.041 | AH12: 0.049 | AI12: 0.057 | AJ12: 0.059 | AK12: 0.052 | AL12: 0.064 | AM12: 0.062 | AN12: 0.054 | AO12: 0.079 | AP12: 0.069 | AQ12: 0.074 | AR12: 0.075 | AS12: 0.075 | AT12: 0.071 | AU12: 0.068 | AV12: 0.064 | AW12: 0.051 | AX12: 0.052 | AY12: 0.051 | AZ12: 0.058
A13: Cyprus | B13: Energy price | C13: 0.138 | D13: 0.138 | E13: 0.139 | F13: 0.139 | G13: 0.141 | H13: 0.142 | I13: 0.152 | J13: 0.153 | K13: 0.142 | L13: 0.156 | M13: 0.177 | N13: 0.179 | O13: 0.181 | P13: 0.183 | Q13: 0.181 | R13: 0.191 | S13: 0.193 | T13: 0.197 | U13: 0.231 | V13: 0.243 | W13: 0.221 | X13: 0.288 | Y13: 0.253 | Z13: 0.263 | AA13: 0.283 | AB13: 0.271 | AC13: 0.274 | AD13: 0.289 | AE13: 0.245 | AF13: 0.265 | AG13: 0.224 | AH13: 0.234 | AI13: 0.237 | AJ13: 0.238 | AK13: 0.254 | AL13: 0.247 | AM13: 0.245 | AN13: 0.211 | AO13: 0.281 | AP13: 0.221 | AQ13: 0.255 | AR13: 0.267 | AS13: 0.264 | AT13: 0.267 | AU13: 0.277 | AV13: 0.245 | AW13: 0.248 | AX13: 0.258 | AY13: 0.276 | AZ13: 0.286
... A51: United States | B51: Energy price | C51: 0.019 | D51: 0.024 | E51: 0.021 | F51: 0.029 | G51: 0.031 | H51: 0.035 | I51: 0.034 | J51: 0.038 | K51: 0.045 | L51: 0.041 | M51: 0.047 | N51: 0.049 | O51: 0.053 | P51: 0.052 | Q51: 0.054 | R51: 0.059 | S51: 0.067 | T51: 0.062 | U51: 0.061 | V51: 0.064 | W51: 0.072 | X51: 0.071 | Y51: 0.079 | Z51: 0.085 | AA51: 0.086 | AB51: 0.081 | AC51: 0.085 | AD51: 0.084 | AE51: 0.083 | AF51: 0.082 | AG51: 0.082 | AH51: 0.085 | AI51: 0.085 | AJ51: 0.087 | AK51: 0.09 | AL51: 0.094 | AM51: 0.104 | AN51: 0.107 | AO51: 0.113 | AP51: 0.115 | AQ51: 0.1158 | AR51: 0.1172 | AS51: 0.1188 | AT51: 0.1212 | AU51: 0.1252 | AV51: 0.1265 | AW51: 0.1255 | AX51: 0.1289 | AY51: 0.1289 | AZ51: 0.149
A52: Average price | B52: 0 | C52: 0.058222 | D52: 0.059888 | E52: 0.062088 | F52: 0.064924 | G52: 0.067974 | H52: 0.070368 | I52: 0.072502 | J52: 0.075224 | K52: 0.073984 | L52: 0.07543 | M52: 0.077928 | N52: 0.079874 | O52: 0.083554 | P52: 0.082674 | Q52: 0.085036 | R52: 0.086464 | S52: 0.088402 | T52: 0.089102 | U52: 0.091284 | V52: 0.093912 | W52: 0.094922 | X52: 0.097996 | Y52: 0.100254 | Z52: 0.102428 | AA52: 0.104704 | AB52: 0.105028 | AC52: 0.105504 | AD52: 0.107478 | AE52: 0.107764 | AF52: 0.109386 | AG52: 0.114734 | AH52: 0.119518 | AI52: 0.124802 | AJ52: 0.129508 | AK52: 0.133694 | AL52: 0.13884 | AM52: 0.145516 | AN52: 0.151022 | AO52: 0.16356 | AP52: 0.16974 | AQ52: 0.16731 | AR52: 0.182878 | AS52: 0.181466 | AT52: 0.186722 | AU52: 0.186894 | AV52: 0.16506 | AW52: 0.164788 | AX52: 0.168664 | AY52: 0.175104 | AZ52: 0.18584

Sheet energy
A1: Country Name | B1: Indicator Name | C1: 1970 | D1: 1971 | E1: 1972 | F1: 1973 | G1: 1974 | H1: 1975 | I1: 1976 | J1: 1977 | K1: 1978 | L1: 1979 | M1: 1980 | N1: 1981 | O1: 1982 | P1: 1983 | Q1: 1984 | R1: 1985 | S1: 1986 | T1: 1987 | U1: 1988 | V1: 1989 | W1: 1990 | X1: 1991 | Y1: 1992 | Z1: 1993 | AA1: 1994 | AB1: 1995 | AC1: 1996 | AD1: 1997 | AE1: 1998 | AF1: 1999 | AG1: 2000 | AH1: 2001 | AI1: 2002 | AJ1: 2003 | AK1: 2004 | AL1: 2005 | AM1: 2006 | AN1: 2007 | AO1: 2008 | AP1: 2009 | AQ1: 2010 | AR1: 2011 | AS1: 2012 | AT1: 2013 | AU1: 2014 | AV1: 2015 | AW1: 2016 | AX1: 2017 | AY1: 2018 | AZ1: 2019
A2: Afghanistan | B2: Energy price | C2: 0.058222 | D2: 0.059888 | E2: 0.062088 | F2: 0.064924 | G2: 0.067974 | H2: 0.070368 | I2: 0.072502 | J2: 0.075224 | K2: 0.073984 | L2: 0.07543 | M2: 0.077928 | N2: 0.079874 | O2: 0.083554 | P2: 0.082674 | Q2: 0.085036 | R2: 0.086464 | S2: 0.088402 | T2: 0.089102 | U2: 0.091284 | V2: 0.093912 | W2: 0.094922 | X2: 0.097996 | Y2: 0.100254 | Z2: 0.102428 | AA2: 0.104704 | AB2: 0.105028 | AC2: 0.105504 | AD2: 0.107478 | AE2: 0.107764 | AF2: 0.109386 | AG2: 0.114734 | AH2: 0.119518 | AI2: 0.124802 | AJ2: 0.129508 | AK2: 0.133694 | AL2: 0.13884 | AM2: 0.145516 | AN2: 0.151022 | AO2: 0.16356 | AP2: 0.16974 | AQ2: 0.16731 | AR2: 0.182878 | AS2: 0.181466 | AT2: 0.186722 | AU2: 0.186894 | AV2: 0.16506 | AW2: 0.164788 | AX2: 0.168664 | AY2: 0.175104 | AZ2: 0.18584
A3: Albania | B3: Energy price | C3: 0.058222 | D3: 0.059888 | E3: 0.062088 | F3: 0.064924 | G3: 0.067974 | H3: 0.070368 | I3: 0.072502 | J3: 0.075224 | K3: 0.073984 | L3: 0.07543 | M3: 0.077928 | N3: 0.079874 | O3: 0.083554 | P3: 0.082674 | Q3: 0.085036 | R3: 0.086464 | S3: 0.088402 | T3: 0.089102 | U3: 0.091284 | V3: 0.093912 | W3: 0.094922 | X3: 0.097996 | Y3: 0.100254 | Z3: 0.102428 | AA3: 0.104704 | AB3: 0.105028 | AC3: 0.105504 | AD3: 0.107478 | AE3: 0.107764 | AF3: 0.109386 | AG3: 0.114734 | AH3: 0.119518 | AI3: 0.124802 | AJ3: 0.129508 | AK3: 0.133694 | AL3: 0.13884 | AM3: 0.145516 | AN3: 0.151022 | AO3: 0.16356 | AP3: 0.16974 | AQ3: 0.16731 | AR3: 0.182878 | AS3: 0.181466 | AT3: 0.186722 | AU3: 0.186894 | AV3: 0.16506 | AW3: 0.164788 | AX3: 0.168664 | AY3: 0.175104 | AZ3: 0.18584
A4: Algeria | B4: Energy price | C4: 0.058222 | D4: 0.059888 | E4: 0.062088 | F4: 0.064924 | G4: 0.067974 | H4: 0.070368 | I4: 0.072502 | J4: 0.075224 | K4: 0.073984 | L4: 0.07543 | M4: 0.077928 | N4: 0.079874 | O4: 0.083554 | P4: 0.082674 | Q4: 0.085036 | R4: 0.086464 | S4: 0.088402 | T4: 0.089102 | U4: 0.091284 | V4: 0.093912 | W4: 0.094922 | X4: 0.097996 | Y4: 0.100254 | Z4: 0.102428 | AA4: 0.104704 | AB4: 0.105028 | AC4: 0.105504 | AD4: 0.107478 | AE4: 0.107764 | AF4: 0.109386 | AG4: 0.114734 | AH4: 0.119518 | AI4: 0.124802 | AJ4: 0.129508 | AK4: 0.133694 | AL4: 0.13884 | AM4: 0.145516 | AN4: 0.151022 | AO4: 0.16356 | AP4: 0.16974 | AQ4: 0.16731 | AR4: 0.182878 | AS4: 0.181466 | AT4: 0.186722 | AU4: 0.186894 | AV4: 0.16506 | AW4: 0.164788 | AX4: 0.168664 | AY4: 0.175104 | AZ4: 0.18584
A5: Angola | B5: Energy price | C5: 0.058222 | D5: 0.059888 | E5: 0.062088 | F5: 0.064924 | G5: 0.067974 | H5: 0.070368 | I5: 0.072502 | J5: 0.075224 | K5: 0.073984 | L5: 0.07543 | M5: 0.077928 | N5: 0.079874 | O5: 0.083554 | P5: 0.082674 | Q5: 0.085036 | R5: 0.086464 | S5: 0.088402 | T5: 0.089102 | U5: 0.091284 | V5: 0.093912 | W5: 0.094922 | X5: 0.097996 | Y5: 0.100254 | Z5: 0.102428 | AA5: 0.104704 | AB5: 0.105028 | AC5: 0.105504 | AD5: 0.107478 | AE5: 0.107764 | AF5: 0.109386 | AG5: 0.114734 | AH5: 0.119518 | AI5: 0.124802 | AJ5: 0.129508 | AK5: 0.133694 | AL5: 0.13884 | AM5: 0.145516 | AN5: 0.151022 | AO5: 0.16356 | AP5: 0.16974 | AQ5: 0.16731 | AR5: 0.182878 | AS5: 0.181466 | AT5: 0.186722 | AU5: 0.186894 | AV5: 0.16506 | AW5: 0.164788 | AX5: 0.168664 | AY5: 0.175104 | AZ5: 0.18584
A6: Argentina | B6: Energy price | C6: 0.058222 | D6: 0.059888 | E6: 0.062088 | F6: 0.064924 | G6: 0.067974 | H6: 0.070368 | I6: 0.072502 | J6: 0.075224 | K6: 0.073984 | L6: 0.07543 | M6: 0.077928 | N6: 0.079874 | O6: 0.083554 | P6: 0.082674 | Q6: 0.085036 | R6: 0.086464 | S6: 0.088402 | T6: 0.089102 | U6: 0.091284 | V6: 0.093912 | W6: 0.094922 | X6: 0.097996 | Y6: 0.100254 | Z6: 0.102428 | AA6: 0.104704 | AB6: 0.105028 | AC6: 0.105504 | AD6: 0.107478 | AE6: 0.107764 | AF6: 0.109386 | AG6: 0.114734 | AH6: 0.119518 | AI6: 0.124802 | AJ6: 0.129508 | AK6: 0.133694 | AL6: 0.13884 | AM6: 0.145516 | AN6: 0.151022 | AO6: 0.16356 | AP6: 0.16974 | AQ6: 0.16731 | AR6: 0.182878 | AS6: 0.181466 | AT6: 0.186722 | AU6: 0.186894 | AV6: 0.16506 | AW6: 0.164788 | AX6: 0.168664 | AY6: 0.175104 | AZ6: 0.18584
A7: Armenia | B7: Energy price | C7: 0.058222 | D7: 0.059888 | E7: 0.062088 | F7: 0.064924 | G7: 0.067974 | H7: 0.070368 | I7: 0.072502 | J7: 0.075224 | K7: 0.073984 | L7: 0.07543 | M7: 0.077928 | N7: 0.079874 | O7: 0.083554 | P7: 0.082674 | Q7: 0.085036 | R7: 0.086464 | S7: 0.088402 | T7: 0.089102 | U7: 0.091284 | V7: 0.093912 | W7: 0.094922 | X7: 0.097996 | Y7: 0.100254 | Z7: 0.102428 | AA7: 0.104704 | AB7: 0.105028 | AC7: 0.105504 | AD7: 0.107478 | AE7: 0.107764 | AF7: 0.109386 | AG7: 0.114734 | AH7: 0.119518 | AI7: 0.124802 | AJ7: 0.129508 | AK7: 0.133694 | AL7: 0.13884 | AM7: 0.145516 | AN7: 0.151022 | AO7: 0.16356 | AP7: 0.16974 | AQ7: 0.16731 | AR7: 0.182878 | AS7: 0.181466 | AT7: 0.186722 | AU7: 0.186894 | AV7: 0.16506 | AW7: 0.164788 | AX7: 0.168664 | AY7: 0.175104 | AZ7: 0.18584
A8: Aruba | B8: Energy price | C8: 0.058222 | D8: 0.059888 | E8: 0.062088 | F8: 0.064924 | G8: 0.067974 | H8: 0.070368 | I8: 0.072502 | J8: 0.075224 | K8: 0.073984 | L8: 0.07543 | M8: 0.077928 | N8: 0.079874 | O8: 0.083554 | P8: 0.082674 | Q8: 0.085036 | R8: 0.086464 | S8: 0.088402 | T8: 0.089102 | U8: 0.091284 | V8: 0.093912 | W8: 0.094922 | X8: 0.097996 | Y8: 0.100254 | Z8: 0.102428 | AA8: 0.104704 | AB8: 0.105028 | AC8: 0.105504 | AD8: 0.107478 | AE8: 0.107764 | AF8: 0.109386 | AG8: 0.114734 | AH8: 0.119518 | AI8: 0.124802 | AJ8: 0.129508 | AK8: 0.133694 | AL8: 0.13884 | AM8: 0.145516 | AN8: 0.151022 | AO8: 0.16356 | AP8: 0.16974 | AQ8: 0.16731 | AR8: 0.182878 | AS8: 0.181466 | AT8: 0.186722 | AU8: 0.186894 | AV8: 0.16506 | AW8: 0.164788 | AX8: 0.168664 | AY8: 0.175104 | AZ8: 0.18584
A9: Australia | B9: Energy price | C9: 0.021 | D9: 0.024 | E9: 0.027 | F9: 0.028 | G9: 0.028 | H9: 0.031 | I9: 0.039 | J9: 0.033 | K9: 0.031 | L9: 0.031 | M9: 0.037 | N9: 0.039 | O9: 0.04 | P9: 0.041 | Q9: 0.044 | R9: 0.049 | S9: 0.052 | T9: 0.051 | U9: 0.057 | V9: 0.058 | W9: 0.064 | X9: 0.068 | Y9: 0.069 | Z9: 0.072 | AA9: 0.074 | AB9: 0.071 | AC9: 0.079 | AD9: 0.082 | AE9: 0.084 | AF9: 0.084 | AG9: 0.083 | AH9: 0.091 | AI9: 0.092 | AJ9: 0.094 | AK9: 0.098 | AL9: 0.098 | AM9: 0.098 | AN9: 0.098 | AO9: 0.098 | AP9: 0.102 | AQ9: 0.135 | AR9: 0.2102 | AS9: 0.2949 | AT9: 0.2877 | AU9: 0.2833 | AV9: 0.2123 | AW9: 0.202 | AX9: 0.2371 | AY9: 0.2485 | AZ9: 0.263
A10: Austria | B10: Energy price | C10: 0.066 | D10: 0.067 | E10: 0.069 | F10: 0.079 | G10: 0.088 | H10: 0.084 | I10: 0.089 | J10: 0.095 | K10: 0.099 | L10: 0.091 | M10: 0.097 | N10: 0.095 | O10: 0.098 | P10: 0.109 | Q10: 0.121 | R10: 0.124 | S10: 0.128 | T10: 0.134 | U10: 0.128 | V10: 0.13 | W10: 0.133 | X10: 0.137 | Y10: 0.139 | Z10: 0.143 | AA10: 0.145 | AB10: 0.154 | AC10: 0.159 | AD10: 0.162 | AE10: 0.164 | AF10: 0.138 | AG10: 0.142 | AH10: 0.144 | AI10: 0.154 | AJ10: 0.152 | AK10: 0.163 | AL10: 0.158 | AM10: 0.162 | AN10: 0.18 | AO10: 0.206 | AP10: 0.218 | AQ10: 0.2576 | AR10: 0.2727 | AS10: 0.2539 | AT10: 0.2719 | AU10: 0.2669 | AV10: 0.2215 | AW10: 0.2229 | AX10: 0.2219 | AY10: 0.2302 | AZ10: 0.245
A11: Azerbaijan | B11: Energy price | C11: 0.058222 | D11: 0.059888 | E11: 0.062088 | F11: 0.064924 | G11: 0.067974 | H11: 0.070368 | I11: 0.072502 | J11: 0.075224 | K11: 0.073984 | L11: 0.07543 | M11: 0.077928 | N11: 0.079874 | O11: 0.083554 | P11: 0.082674 | Q11: 0.085036 | R11: 0.086464 | S11: 0.088402 | T11: 0.089102 | U11: 0.091284 | V11: 0.093912 | W11: 0.094922 | X11: 0.097996 | Y11: 0.100254 | Z11: 0.102428 | AA11: 0.104704 | AB11: 0.105028 | AC11: 0.105504 | AD11: 0.107478 | AE11: 0.107764 | AF11: 0.109386 | AG11: 0.114734 | AH11: 0.119518 | AI11: 0.124802 | AJ11: 0.129508 | AK11: 0.133694 | AL11: 0.13884 | AM11: 0.145516 | AN11: 0.151022 | AO11: 0.16356 | AP11: 0.16974 | AQ11: 0.16731 | AR11: 0.182878 | AS11: 0.181466 | AT11: 0.186722 | AU11: 0.186894 | AV11: 0.16506 | AW11: 0.164788 | AX11: 0.168664 | AY11: 0.175104 | AZ11: 0.18584
A12: Bahrain | B12: Energy price | C12: 0.058222 | D12: 0.059888 | E12: 0.062088 | F12: 0.064924 | G12: 0.067974 | H12: 0.070368 | I12: 0.072502 | J12: 0.075224 | K12: 0.073984 | L12: 0.07543 | M12: 0.077928 | N12: 0.079874 | O12: 0.083554 | P12: 0.082674 | Q12: 0.085036 | R12: 0.086464 | S12: 0.088402 | T12: 0.089102 | U12: 0.091284 | V12: 0.093912 | W12: 0.094922 | X12: 0.097996 | Y12: 0.100254 | Z12: 0.102428 | AA12: 0.104704 | AB12: 0.105028 | AC12: 0.105504 | AD12: 0.107478 | AE12: 0.107764 | AF12: 0.109386 | AG12: 0.114734 | AH12: 0.119518 | AI12: 0.124802 | AJ12: 0.129508 | AK12: 0.133694 | AL12: 0.13884 | AM12: 0.145516 | AN12: 0.151022 | AO12: 0.16356 | AP12: 0.16974 | AQ12: 0.16731 | AR12: 0.182878 | AS12: 0.181466 | AT12: 0.186722 | AU12: 0.186894 | AV12: 0.16506 | AW12: 0.164788 | AX12: 0.168664 | AY12: 0.175104 | AZ12: 0.18584
A13: Bangladesh | B13: Energy price | C13: 0.058222 | D13: 0.059888 | E13: 0.062088 | F13: 0.064924 | G13: 0.067974 | H13: 0.070368 | I13: 0.072502 | J13: 0.075224 | K13: 0.073984 | L13: 0.07543 | M13: 0.077928 | N13: 0.079874 | O13: 0.083554 | P13: 0.082674 | Q13: 0.085036 | R13: 0.086464 | S13: 0.088402 | T13: 0.089102 | U13: 0.091284 | V13: 0.093912 | W13: 0.094922 | X13: 0.097996 | Y13: 0.100254 | Z13: 0.102428 | AA13: 0.104704 | AB13: 0.105028 | AC13: 0.105504 | AD13: 0.107478 | AE13: 0.107764 | AF13: 0.109386 | AG13: 0.114734 | AH13: 0.119518 | AI13: 0.124802 | AJ13: 0.129508 | AK13: 0.133694 | AL13: 0.13884 | AM13: 0.145516 | AN13: 0.151022 | AO13: 0.16356 | AP13: 0.16974 | AQ13: 0.16731 | AR13: 0.182878 | AS13: 0.181466 | AT13: 0.186722 | AU13: 0.186894 | AV13: 0.16506 | AW13: 0.164788 | AX13: 0.168664 | AY13: 0.175104 | AZ13: 0.18584
... A161: Zimbabwe | B161: Energy price | C161: 0.058222 | D161: 0.059888 | E161: 0.062088 | F161: 0.064924 | G161: 0.067974 | H161: 0.070368 | I161: 0.072502 | J161: 0.075224 | K161: 0.073984 | L161: 0.07543 | M161: 0.077928 | N161: 0.079874 | O161: 0.083554 | P161: 0.082674 | Q161: 0.085036 | R161: 0.086464 | S161: 0.088402 | T161: 0.089102 | U161: 0.091284 | V161: 0.093912 | W161: 0.094922 | X161: 0.097996 | Y161: 0.100254 | Z161: 0.102428 | AA161: 0.104704 | AB161: 0.105028 | AC161: 0.105504 | AD161: 0.107478 | AE161: 0.107764 | AF161: 0.109386 | AG161: 0.114734 | AH161: 0.119518 | AI161: 0.124802 | AJ161: 0.129508 | AK161: 0.133694 | AL161: 0.13884 | AM161: 0.145516 | AN161: 0.151022 | AO161: 0.16356 | AP161: 0.16974 | AQ161: 0.16731 | AR161: 0.182878 | AS161: 0.181466 | AT161: 0.186722 | AU161: 0.186894 | AV161: 0.16506 | AW161: 0.164788 | AX161: 0.168664 | AY161: 0.175104 | AZ161: 0.18584

Sheet gni
A1: Country Name | B1: Indicator Name | C1: 1970 | D1: 1971 | E1: 1972 | F1: 1973 | G1: 1974 | H1: 1975 | I1: 1976 | J1: 1977 | K1: 1978 | L1: 1979 | M1: 1980 | N1: 1981 | O1: 1982 | P1: 1983 | Q1: 1984 | R1: 1985 | S1: 1986 | T1: 1987 | U1: 1988 | V1: 1989 | W1: 1990 | X1: 1991 | Y1: 1992 | Z1: 1993 | AA1: 1994 | AB1: 1995 | AC1: 1996 | AD1: 1997 | AE1: 1998 | AF1: 1999 | AG1: 2000 | AH1: 2001 | AI1: 2002 | AJ1: 2003 | AK1: 2004 | AL1: 2005 | AM1: 2006 | AN1: 2007 | AO1: 2008 | AP1: 2009 | AQ1: 2010 | AR1: 2011 | AS1: 2012 | AT1: 2013 | AU1: 2014 | AV1: 2015 | AW1: 2016 | AX1: 2017 | AY1: 2018 | AZ1: 2019
A2: Afghanistan | B2: GNI, Atlas method (current US$) | C2: 6425985985 | D2: 6525325415 | E2: 6589564585 | F2: 6658478596 | G2: 6741589563 | H2: 6845852685 | I2: 6958693654 | J2: 7085263598 | K2: 7145289695 | L2: 7254784587 | M2: 7356859859 | N2: 7451896895 | O2: 7845125489 | P2: 7985468549 | Q2: 8059896936 | R2: 8145784989 | S2: 8154689563 | T2: 8245189689 | U2: 8356854289 | V2: 8475896356 | W2: 8547512584 | X2: 8696359869 | Y2: 8796859868 | Z2: 8856926589 | AA2: 8956847859 | AB2: 9056898458 | AC2: 9154872563 | AD2: 9365896748 | AE2: 9458689748 | AF2: 9568562385 | AG2: 9784856895 | AH2: 9985685968 | AI2: 10036589652 | AJ2: 10145784985 | AK2: 10252541789 | AL2: 10452895689 | AM2: 10526963589 | AN2: 11474859685 | AO2: 11524528954 | AP2: 1.2652733e+10 | AQ2: 1.4872476e+10 | AR2: 1.6077121e+10 | AS2: 1.9583318e+10 | AT2: 2.1249374e+10 | AU2: 2.1141556e+10 | AV2: 2.0583397e+10 | AW2: 2.0092934e+10 | AX2: 2.0238988e+10 | AY2: 2.0537855e+10 | AZ2: 2.0726311e+10
A3: Albania | B3: GNI, Atlas method (current US$) | C3: 1714584896 | D3: 1745896523 | E3: 1784582564 | F3: 1798548685 | G3: 1814578498 | H3: 1832541547 | I3: 1845848968 | J3: 1854574874 | K3: 1865248547 | L3: 1874754821 | M3: 1895647847 | N3: 1915485986 | O3: 1947485965 | P3: 1974854745 | Q3: 1985985684 | R3: 2015487489 | S3: 2.1142905e+09 | T3: 2.2509466e+09 | U3: 2.3082594e+09 | V3: 2.4456693e+09 | W3: 2.1446746e+09 | X3: 1.3405949e+09 | Y3: 9.0618421e+08 | Z3: 1.0242631e+09 | AA3: 1.2166807e+09 | AB3: 2.0352202e+09 | AC3: 2.8240146e+09 | AD3: 2.5329105e+09 | AE3: 2.7013454e+09 | AF3: 2.9564122e+09 | AG3: 3.4087083e+09 | AH3: 3.927924e+09 | AI3: 4.1931533e+09 | AJ3: 5.0248953e+09 | AK3: 6.3668541e+09 | AL3: 7.8992134e+09 | AM3: 9.1312397e+09 | AN3: 1.0273337e+10 | AO3: 1.1883465e+10 | AP3: 1.2528133e+10 | AQ3: 1.2708645e+10 | AR3: 1.2803715e+10 | AS3: 1.2659043e+10 | AT3: 1.3156879e+10 | AU3: 1.3116565e+10 | AV3: 1.2634903e+10 | AW3: 1.2421239e+10 | AX3: 1.2331894e+10 | AY3: 1.393611e+10 | AZ3: 1.4948659e+10
A4: Algeria | B4: GNI, Atlas method (current US$) | C4: 4.7996381e+09 | D4: 4.6909226e+09 | E4: 6.6628934e+09 | F4: 8.3658533e+09 | G4: 1.1506893e+10 | H4: 1.514555e+10 | I4: 1.8096768e+10 | J4: 1.9366607e+10 | K4: 2.3906038e+10 | L4: 3.0659142e+10 | M4: 3.8178167e+10 | N4: 4.3584198e+10 | O4: 4.6265608e+10 | P4: 4.6315261e+10 | Q4: 4.9362278e+10 | R4: 5.3939774e+10 | S4: 5.9893718e+10 | T4: 6.6741309e+10 | U4: 6.7133005e+10 | V4: 6.4002555e+10 | W4: 6.095443e+10 | X4: 5.233735e+10 | Y4: 5.1382066e+10 | Z4: 4.7747489e+10 | AA4: 4.572507e+10 | AB4: 4.4716318e+10 | AC4: 4.4342949e+10 | AD4: 4.4788247e+10 | AE4: 4.6562033e+10 | AF4: 4.7002858e+10 | AG4: 4.9486194e+10 | AH4: 5.2510723e+10 | AI4: 5.5156576e+10 | AJ4: 6.2274294e+10 | AK4: 7.3595749e+10 | AL4: 8.9835978e+10 | AM4: 1.0444558e+11 | AN4: 1.228993e+11 | AO4: 1.4643164e+11 | AP4: 1.5156812e+11 | AQ4: 1.6103035e+11 | AR4: 1.6850319e+11 | AS4: 1.9325446e+11 | AT4: 2.1000383e+11 | AU4: 2.1380045e+11 | AV4: 1.9267684e+11 | AW4: 1.7736518e+11 | AX4: 1.6234343e+11 | AY4: 1.6703966e+11 | AZ4: 1.7072178e+11
A5: Angola | B5: GNI, Atlas method (current US$) | C5: 2983478435 | D5: 3189237843 | E5: 3247683264 | F5: 3457843983 | G5: 3645893264 | H5: 3898457834 | I5: 4167892367 | J5: 4289323212 | K5: 4436743673 | L5: 4678321232 | M5: 4783429834 | N5: 4985324783 | O5: 5098230945 | P5: 5123784378 | Q5: 5546378623 | R5: 5.909143e+09 | S5: 6.9674758e+09 | T5: 7.1069162e+09 | U5: 7.2081893e+09 | V5: 9.7919082e+09 | W5: 9.208683e+09 | X5: 1.1055239e+10 | Y5: 4.2043622e+09 | Z5: 3.7693242e+09 | AA5: 2.4534481e+09 | AB5: 5.1148583e+09 | AC5: 5.1815727e+09 | AD5: 6.626517e+09 | AE5: 6.3158644e+09 | AF5: 5.2751832e+09 | AG5: 5.9028768e+09 | AH5: 6.6900691e+09 | AI5: 1.0317784e+10 | AJ5: 1.2827033e+10 | AK5: 1.9001401e+10 | AL5: 2.6682964e+10 | AM5: 3.6533201e+10 | AN5: 5.1492997e+10 | AO5: 6.5659539e+10 | AP5: 7.1273451e+10 | AQ5: 7.5763518e+10 | AR5: 8.274546e+10 | AS5: 1.0480463e+11 | AT5: 1.2441874e+11 | AU5: 1.3493511e+11 | AV5: 1.2591524e+11 | AW5: 1.0871062e+11 | AX5: 1.0280927e+11 | AY5: 9.8895583e+10 | AZ5: 9.7005209e+10
A6: Argentina | B6: GNI, Atlas method (current US$) | C6: 3.1582383e+10 | D6: 3.5775761e+10 | E6: 3.6156762e+10 | F6: 4.5649404e+10 | G6: 6.2985567e+10 | H6: 7.0261203e+10 | I6: 6.1903679e+10 | J6: 5.9112911e+10 | K6: 5.9256733e+10 | L6: 7.2112302e+10 | M6: 8.1313009e+10 | N6: 7.9780401e+10 | O6: 7.6943272e+10 | P6: 8.394779e+10 | Q6: 8.4067985e+10 | R6: 8.1711398e+10 | S6: 9.2716101e+10 | T6: 1.1187983e+11 | U6: 1.2526189e+11 | V6: 9.431312e+10 | W6: 1.0392358e+11 | X6: 1.2781075e+11 | Y6: 2.0357047e+11 | Z6: 2.4181472e+11 | AA6: 2.6218823e+11 | AB6: 2.5634718e+11 | AC6: 2.7266336e+11 | AD6: 2.9049534e+11 | AE6: 2.8953684e+11 | AF6: 2.7629474e+11 | AG6: 2.7554429e+11 | AH6: 2.6081164e+11 | AI6: 1.5240204e+11 | AJ6: 1.391931e+11 | AK6: 1.2980921e+11 | AL6: 1.6571941e+11 | AM6: 2.1538491e+11 | AN6: 2.5837545e+11 | AO6: 3.0728397e+11 | AP6: 3.1550164e+11 | AQ6: 3.7813721e+11 | AR6: 4.4210678e+11 | AS6: 4.9525991e+11 | AT6: 5.4195276e+11 | AU6: 5.2594008e+11 | AV6: 5.4237627e+11 | AW6: 5.3259025e+11 | AX6: 5.7797697e+11 | AY6: 5.51173e+11 | AZ6: 5.0311637e+11
A7: Armenia | B7: GNI, Atlas method (current US$) | C7: 543798232 | D7: 593283453 | E7: 612163245 | F7: 634268374 | G7: 663280932 | H7: 694538209 | I7: 712632537 | J7: 743267328 | K7: 774362837 | L7: 793289374 | M7: 812637243 | N7: 843672839 | O7: 864389732 | P7: 883267837 | Q7: 893748721 | R7: 903278389 | S7: 914378937 | T7: 943829384 | U7: 958932783 | V7: 965783242 | W7: 983784367 | X7: 1023674389 | Y7: 1.0634097e+09 | Z7: 1.1981347e+09 | AA7: 1.3068759e+09 | AB7: 1.5133465e+09 | AC7: 1.6417201e+09 | AD7: 1.7462307e+09 | AE7: 1.8241928e+09 | AF7: 1.893129e+09 | AG7: 2.0314496e+09 | AH7: 2.1721157e+09 | AI7: 2.4361368e+09 | AJ7: 2.8925316e+09 | AK7: 3.5462086e+09 | AL7: 4.5832646e+09 | AM7: 5.9642548e+09 | AN7: 8.0935969e+09 | AO7: 1.0461447e+10 | AP7: 9.6336807e+09 | AQ7: 9.9884818e+09 | AR7: 1.0160338e+10 | AS7: 1.1192555e+10 | AT7: 1.1911914e+10 | AU7: 1.2047458e+10 | AV7: 1.1738592e+10 | AW7: 1.1045765e+10 | AX7: 1.1623146e+10 | AY7: 1.2482635e+10 | AZ7: 1.3834752e+10
A8: Aruba | B8: GNI, Atlas method (current US$) | C8: 2.0938743e+08 | D8: 2.1783427e+08 | E8: 2.3475487e+08 | F8: 2.6548935e+08 | G8: 2.9834675e+08 | H8: 3.1234234e+08 | I8: 3.7457846e+08 | J8: 3.9843755e+08 | K8: 4.1732893e+08 | L8: 4.3289436e+08 | M8: 4.5893475e+08 | N8: 4.7387432e+08 | O8: 4.9843784e+08 | P8: 5.1273463e+08 | Q8: 5.4378453e+08 | R8: 5.7432874e+08 | S8: 5.9348742e+08 | T8: 6.1236438e+08 | U8: 6.3276256e+08 | V8: 7.1747629e+08 | W8: 7.6030223e+08 | X8: 8.5263926e+08 | Y8: 9.5496133e+08 | Z8: 9.8548585e+08 | AA8: 1.1997488e+09 | AB8: 1.3040241e+09 | AC8: 1.362017e+09 | AD8: 1.4715352e+09 | AE8: 1.5381885e+09 | AF8: 1.5911711e+09 | AG8: 1.8170099e+09 | AH8: 1.7808991e+09 | AI8: 1.6996004e+09 | AJ8: 1.9466707e+09 | AK8: 2.2345261e+09 | AL8: 1.9202743e+09 | AM8: 2.3533608e+09 | AN8: 2.194516e+09 | AO8: 2.585668e+09 | AP8: 2.4113588e+09 | AQ8: 2.274836e+09 | AR8: 2.29068e+09 | AS8: 2.4124602e+09 | AT8: 2.5188033e+09 | AU8: 2.6136448e+09 | AV8: 2.7384527e+09 | AW8: 2.7856501e+09 | AX8: 2.8247937e+09 | AY8: 2985648785 | AZ8: 3056895685
A9: Australia | B9: GNI, Atlas method (current US$) | C9: 4.0863393e+10 | D9: 4.4845764e+10 | E9: 5.1129355e+10 | F9: 6.2119571e+10 | G9: 8.1487787e+10 | H9: 1.0015638e+11 | I9: 1.1022865e+11 | J9: 1.1451968e+11 | K9: 1.2141847e+11 | L9: 1.3905008e+11 | M9: 1.5883463e+11 | N9: 1.7683022e+11 | O9: 1.8306203e+11 | P9: 1.7782881e+11 | Q9: 1.8667822e+11 | R9: 1.8895336e+11 | S9: 1.9678546e+11 | T9: 2.038246e+11 | U9: 2.3309959e+11 | V9: 2.6163724e+11 | W9: 2.9518632e+11 | X9: 3.1439886e+11 | Y9: 3.2367843e+11 | Z9: 3.3324864e+11 | AA9: 3.361307e+11 | AB9: 3.4788049e+11 | AC9: 3.7428283e+11 | AD9: 4.054836e+11 | AE9: 4.0683644e+11 | AF9: 4.0552467e+11 | AG9: 4.0448155e+11 | AH9: 3.9048626e+11 | AI9: 3.9278633e+11 | AJ9: 4.2010662e+11 | AK9: 5.1280369e+11 | AL9: 6.1810265e+11 | AM9: 7.0550779e+11 | AN9: 7.7691068e+11 | AO9: 8.9952326e+11 | AP9: 9.5547492e+11 | AQ9: 1.0273204e+12 | AR9: 1.12416e+12 | AS9: 1.3686902e+12 | AT9: 1.5268632e+12 | AU9: 1.529421e+12 | AV9: 1.4408319e+12 | AW9: 1.3097587e+12 | AX9: 1.2694294e+12 | AY9: 1.330437e+12 | AZ9: 1.3927732e+12
A10: Austria | B10: GNI, Atlas method (current US$) | C10: 1.5443421e+10 | D10: 1.7375538e+10 | E10: 2.0827473e+10 | F10: 2.7135197e+10 | G10: 3.5357095e+10 | H10: 4.1973161e+10 | I10: 4.5227643e+10 | J10: 5.039197e+10 | K10: 5.6986219e+10 | L10: 7.2612079e+10 | M10: 8.652573e+10 | N10: 8.458117e+10 | O10: 7.8645874e+10 | P10: 7.2607743e+10 | Q10: 7.0106042e+10 | R10: 7.082598e+10 | S10: 8.1882181e+10 | T10: 1.0461612e+11 | U10: 1.3709499e+11 | V10: 1.4703443e+11 | W10: 1.5840823e+11 | X10: 1.6912091e+11 | Y10: 1.9228309e+11 | Z10: 1.9661346e+11 | AA10: 2.0743541e+11 | AB10: 2.2407137e+11 | AC10: 2.3952071e+11 | AD10: 2.3552941e+11 | AE10: 2.2313205e+11 | AF10: 2.1644541e+11 | AG10: 2.1459727e+11 | AH10: 2.0340315e+11 | AI10: 2.0178331e+11 | AJ10: 2.2759523e+11 | AK10: 2.7581812e+11 | AL10: 3.185419e+11 | AM10: 3.4284345e+11 | AN10: 3.6920655e+11 | AO10: 4.086446e+11 | AP10: 4.0884876e+11 | AQ10: 4.1488268e+11 | AR10: 4.2454578e+11 | AS10: 4.2200529e+11 | AT10: 4.2992373e+11 | AU10: 4.3044624e+11 | AV10: 4.1009706e+11 | AW10: 4.0379974e+11 | AX10: 3.972396e+11 | AY10: 4.3669348e+11 | AZ10: 4.5539641e+11
A11: Azerbaijan | B11: GNI, Atlas method (current US$) | C11: 874398432 | D11: 914732845 | E11: 993847532 | F11: 1093423754 | G11: 1174328436 | H11: 1264397438 | I11: 1326374928 | J11: 1479237435 | K11: 1538792378 | L11: 1612732437 | M11: 1653762893 | N11: 1689236732 | O11: 1776348732 | P11: 1812343723 | Q11: 1867437892 | R11: 1912364372 | S11: 2189374584 | T11: 2344367483 | U11: 2458987464 | V11: 2764398412 | W11: 2984357843 | X11: 3237465398 | Y11: 3789745875 | Z11: 4237849834 | AA11: 3.3102139e+09 | AB11: 3.0442226e+09 | AC11: 3.1647113e+09 | AD11: 3.5361364e+09 | AE11: 4.0424291e+09 | AF11: 4.5527172e+09 | AG11: 4.8727454e+09 | AH11: 5.3069396e+09 | AI11: 5.8196941e+09 | AJ11: 6.7022207e+09 | AK11: 7.824892e+09 | AL11: 1.0680149e+10 | AM11: 1.6111295e+10 | AN11: 2.3292643e+10 | AO11: 3.3947646e+10 | AP11: 4.2901069e+10 | AQ11: 4.8631519e+10 | AR11: 5.0104733e+10 | AS11: 5.954035e+10 | AT11: 6.9737335e+10 | AU11: 7.3360861e+10 | AV11: 6.3361891e+10 | AW11: 4.6471711e+10 | AX11: 4.0266923e+10 | AY11: 4.0401422e+10 | AZ11: 4.4873712e+10
A12: Bahrain | B12: GNI, Atlas method (current US$) | C12: 1574364895 | D12: 1698334783 | E12: 1743674389 | F12: 1874356748 | G12: 1912365478 | H12: 1945783475 | I12: 2098432754 | J12: 2237453674 | K12: 2464387435 | L12: 2754783432 | M12: 2984765473 | N12: 3184323484 | O12: 3.2878403e+09 | P12: 3.628805e+09 | Q12: 3.7908105e+09 | R12: 3.3146464e+09 | S12: 3.1327652e+09 | T12: 3.4583554e+09 | U12: 3.6280461e+09 | V12: 3.6863625e+09 | W12: 4.4979009e+09 | X12: 4.9946835e+09 | Y12: 5.1711299e+09 | Z12: 5.3804477e+09 | AA12: 5.321909e+09 | AB12: 5.8524266e+09 | AC12: 6.2447121e+09 | AD12: 6.1332739e+09 | AE12: 6.1780954e+09 | AF12: 6.2844001e+09 | AG12: 7.2697175e+09 | AH12: 8.0195408e+09 | AI12: 8.864868e+09 | AJ12: 1.007717e+10 | AK12: 1.2089683e+10 | AL12: 1.4713723e+10 | AM12: 1.7146155e+10 | AN12: 2.036623e+10 | AO12: 2.3250102e+10 | AP12: 2.2319122e+10 | AQ12: 2.3537721e+10 | AR12: 2.3212673e+10 | AS12: 2.8613156e+10 | AT12: 3.1282351e+10 | AU12: 3.2157332e+10 | AV12: 3.1086415e+10 | AW12: 3.0812056e+10 | AX12: 3.1647925e+10 | AY12: 3.4368521e+10 | AZ12: 3.6292519e+10
A13: Bangladesh | B13: GNI, Atlas method (current US$) | C13: 6547832436 | D13: 7125364537 | E13: 7864574654 | F13: 8.3992291e+09 | G13: 1.0948235e+10 | H13: 1.4726601e+10 | I13: 1.4612256e+10 | J13: 1.2748204e+10 | K13: 1.2459886e+10 | L13: 1.5000934e+10 | M13: 1.8482465e+10 | N13: 2.1495904e+10 | O13: 2.0906831e+10 | P13: 1.9631687e+10 | Q13: 1.9385912e+10 | R13: 2.046965e+10 | S13: 2.3034263e+10 | T13: 2.6554303e+10 | U13: 2.868646e+10 | V13: 3.0263527e+10 | W13: 3.2618765e+10 | X13: 3.3713369e+10 | Y13: 3.5343163e+10 | Z13: 3.5844145e+10 | AA13: 3.6601375e+10 | AB13: 3.9239826e+10 | AC13: 4.3235501e+10 | AD13: 4.7648031e+10 | AE13: 5.1007261e+10 | AF13: 5.2908197e+10 | AG13: 5.5712709e+10 | AH13: 5.7006615e+10 | AI13: 5.788564e+10 | AJ13: 6.2202315e+10 | AK13: 6.9524381e+10 | AL13: 7.6597955e+10 | AM13: 8.0892599e+10 | AN13: 8.6321635e+10 | AO13: 9.5700152e+10 | AP13: 1.0612959e+11 | AQ13: 1.1831437e+11 | AR13: 1.3334223e+11 | AS13: 1.4686245e+11 | AT13: 1.5883301e+11 | AU13: 1.7124975e+11 | AV13: 1.9131372e+11 | AW13: 2.1629055e+11 | AX13: 2.4275001e+11 | AY13: 2.8203631e+11 | AZ13: 3.1623502e+11
... A161: Zimbabwe | B161: GNI, Atlas method (current US$) | C161: 2.0926703e+09 | D161: 2.2686871e+09 | E161: 2.5622295e+09 | F161: 3.1441559e+09 | G161: 4.0493934e+09 | H161: 4.5783467e+09 | I161: 4.6084149e+09 | J161: 4.3883222e+09 | K161: 4.4709354e+09 | L161: 5.2155682e+09 | M161: 6.691833e+09 | N161: 8.167142e+09 | O161: 8.3157435e+09 | P161: 7.9370304e+09 | Q161: 7.138272e+09 | R161: 6.5359569e+09 | S161: 6.3226978e+09 | T161: 6.6793498e+09 | U161: 7.9543203e+09 | V161: 8.5210958e+09 | W161: 9.0139762e+09 | X161: 9.1143481e+09 | Y161: 7.637954e+09 | Z161: 7.059025e+09 | AA161: 7.1024569e+09 | AB161: 7.0203057e+09 | AC161: 7.9496241e+09 | AD161: 8.1302317e+09 | AE161: 7.2738281e+09 | AF161: 6.6980929e+09 | AG161: 6.1168214e+09 | AH161: 6.4104988e+09 | AI161: 5.8977461e+09 | AJ161: 5.2509501e+09 | AK161: 5.4175209e+09 | AL161: 5.5238215e+09 | AM161: 5.3494126e+09 | AN161: 5.0917305e+09 | AO161: 4.0682194e+09 | AP161: 5.2830568e+09 | AQ161: 7.9433642e+09 | AR161: 1.1891878e+10 | AS161: 1.4578186e+10 | AT161: 1.6156296e+10 | AU161: 1.7187132e+10 | AV161: 1.7668505e+10 | AW161: 1.8102733e+10 | AX161: 1.9296128e+10 | AY161: 2.2045163e+10 | AZ161: 2.0392453e+10

Sheet natural
A1: Country Name | B1: Indicator Name | C1: 1970 | D1: 1971 | E1: 1972 | F1: 1973 | G1: 1974 | H1: 1975 | I1: 1976 | J1: 1977 | K1: 1978 | L1: 1979 | M1: 1980 | N1: 1981 | O1: 1982 | P1: 1983 | Q1: 1984 | R1: 1985 | S1: 1986 | T1: 1987 | U1: 1988 | V1: 1989 | W1: 1990 | X1: 1991 | Y1: 1992 | Z1: 1993 | AA1: 1994 | AB1: 1995 | AC1: 1996 | AD1: 1997 | AE1: 1998 | AF1: 1999 | AG1: 2000 | AH1: 2001 | AI1: 2002 | AJ1: 2003 | AK1: 2004 | AL1: 2005 | AM1: 2006 | AN1: 2007 | AO1: 2008 | AP1: 2009 | AQ1: 2010 | AR1: 2011 | AS1: 2012 | AT1: 2013 | AU1: 2014 | AV1: 2015 | AW1: 2016 | AX1: 2017 | AY1: 2018 | AZ1: 2019
A2: Afghanistan | B2: Adjusted savings: natural resources depletion (% of GNI) | C2: 0.087876305 | D2: 0.11734694 | E2: 0.14791298 | F2: 0.30769757 | G2: 0.44788964 | H2: 0.71227753 | I2: 0.89788199 | J2: 0.90723557 | K2: 0.7594473 | L2: 1.2068571 | M2: 1.241905 | N2: 0.98691032 | O2: 0.95632514 | P2: 0.91524869 | Q2: 0.89485658 | R2: 0.86325487 | S2: 0.8145749 | T2: 0.85154749 | U2: 0.79856302 | V2: 0.71485897 | W2: 0.6458749 | X2: 0.61523522 | Y2: 0.59865985 | Z2: 0.52154749 | AA2: 0.49856325 | AB2: 0.45152415 | AC2: 0.39265949 | AD2: 0.35152419 | AE2: 0.33625146 | AF2: 0.31542549 | AG2: 0.29859685 | AH2: 0.21568598 | AI2: 0.15124155 | AJ2: 0.15632562 | AK2: 0.15896583 | AL2: 0.16895686 | AM2: 0.17132565 | AN2: 0.1752459 | AO2: 0.18958655 | AP2: 0.1957854 | AQ2: 0.26848298 | AR2: 0.32116786 | AS2: 0.32203657 | AT2: 0.22310015 | AU2: 0.22590984 | AV2: 0.23099672 | AW2: 0.29916032 | AX2: 0.31696461 | AY2: 0.2589486 | AZ2: 0.24658957
A3: Albania | B3: Adjusted savings: natural resources depletion (% of GNI) | C3: 1.5468543 | D3: 1.7845847 | E3: 1.9874586 | F3: 2.0521655 | G3: 2.514749 | H3: 2.9853625 | I3: 3.5124786 | J3: 4.1253686 | K3: 5.4785652 | L3: 6.5234894 | M3: 7.1254897 | N3: 7.5124517 | O3: 7.9564852 | P3: 8.256486 | Q3: 12.695423 | R3: 12.837328 | S3: 5.8671826 | T3: 8.4217885 | U3: 7.3667607 | V3: 9.4800587 | W3: 7.4491755 | X3: 5.9535128 | Y3: 6.980656 | Z3: 0.94623348 | AA3: 0.6838109 | AB3: 0.45144122 | AC3: 0.4887025 | AD3: 0.45045478 | AE3: 0.11207496 | AF3: 0.15803288 | AG3: 0.29116137 | AH3: 0.2076087 | AI3: 0.22816789 | AJ3: 0.25382384 | AK3: 0.2516724 | AL3: 0.37173238 | AM3: 0.49616895 | AN3: 0.69288323 | AO3: 0.51839329 | AP3: 0.36448518 | AQ3: 0.94577033 | AR3: 1.8290965 | AS3: 2.0433339 | AT3: 2.2443048 | AU3: 2.3944819 | AV3: 1.1353743 | AW3: 0.61085131 | AX3: 1.055627 | AY3: 0.98568549 | AZ3: 0.8748549
A4: Algeria | B4: Adjusted savings: natural resources depletion (% of GNI) | C4: 6.1741188 | D4: 5.342298 | E4: 7.2585545 | F4: 8.5753821 | G4: 20.156819 | H4: 16.194136 | I4: 17.62218 | J4: 17.535224 | K4: 15.538566 | L4: 28.510704 | M4: 22.411217 | N4: 16.672679 | O4: 12.929089 | P4: 11.280479 | Q4: 10.951572 | R4: 10.176443 | S4: 5.075707 | T4: 6.5414486 | U4: 6.1469103 | V4: 9.7662646 | W4: 12.26401 | X4: 10.390993 | Y4: 10.625477 | Z4: 9.3006979 | AA4: 9.8231227 | AB4: 11.183552 | AC4: 13.44611 | AD4: 12.495196 | AE4: 7.9021272 | AF4: 10.730318 | AG4: 16.89607 | AH4: 14.666956 | AI4: 15.395501 | AJ4: 17.215566 | AK4: 17.84015 | AL4: 23.917086 | AM4: 25.546987 | AN4: 22.754353 | AO4: 23.778799 | AP4: 16.58042 | AQ4: 17.656386 | AR4: 20.848096 | AS4: 20.454418 | AT4: 18.448892 | AU4: 15.887544 | AV4: 10.408408 | AW4: 7.7346912 | AX4: 9.2887656 | AY4: 8.457849 | AZ4: 7.845812
A5: Angola | B5: Adjusted savings: natural resources depletion (% of GNI) | C5: 1.5478597 | D5: 1.9856478 | E5: 2.1241587 | F5: 2.8489686 | G5: 3.5216351 | H5: 3.8547855 | I5: 4.1245848 | J5: 4.4512365 | K5: 4.9856251 | L5: 5.412749 | M5: 6.5214686 | N5: 7.125479 | O5: 7.8456215 | P5: 8.9564851 | Q5: 9.5489358 | R5: 11.289463 | S5: 6.0144661 | T5: 16.0258 | U5: 16.524589 | V5: 18.594117 | W5: 27.338095 | X5: 14.863762 | Y5: 58.802445 | Z5: 49.896899 | AA5: 68.771482 | AB5: 37.241954 | AC5: 43.065922 | AD5: 32.838642 | AE5: 16.340942 | AF5: 37.175306 | AG5: 47.091716 | AH5: 30.738691 | AI5: 19.268355 | AJ5: 17.051209 | AK5: 26.239357 | AL5: 35.777264 | AM5: 36.21139 | AN5: 41.143274 | AO5: 52.81879 | AP5: 27.329645 | AQ5: 33.732103 | AR5: 33.477423 | AS5: 30.008609 | AT5: 25.530221 | AU5: 19.559566 | AV5: 8.799901 | AW5: 8.6715758 | AX5: 12.787314 | AY5: 9.8165489 | AZ5: 10.161152
A6: Argentina | B6: Adjusted savings: natural resources depletion (% of GNI) | C6: 0.22610196 | D6: 0.31143072 | E6: 0.36124825 | F6: 0.38496115 | G6: 1.3392718 | H6: 1.6424231 | I6: 1.8617647 | J6: 1.5720992 | K6: 1.7890889 | L6: 4.0332292 | M6: 4.8327337 | N6: 4.1888156 | O6: 2.5756468 | P6: 2.6403887 | Q6: 3.4231793 | R6: 2.8339475 | S6: 1.0385996 | T6: 1.5159881 | U6: 1.1780996 | V6: 2.9934954 | W6: 2.2288326 | X6: 0.98009016 | Y6: 0.963205 | Z6: 0.94715921 | AA6: 0.85970614 | AB6: 1.0667259 | AC6: 1.3736471 | AD6: 1.2413222 | AE6: 0.70736588 | AF6: 1.1680331 | AG6: 2.0098194 | AH6: 1.617465 | AI6: 4.7876432 | AJ6: 4.2254561 | AK6: 4.5092073 | AL6: 5.3439167 | AM6: 4.9353082 | AN6: 3.9765726 | AO6: 4.2000545 | AP6: 2.649915 | AQ6: 2.7930649 | AR6: 3.1640497 | AS6: 3.0546058 | AT6: 2.7234031 | AU6: 2.4098563 | AV6: 1.038939 | AW6: 0.86381225 | AX6: 1.0294848 | AY6: 0.91156157 | AZ6: 0.99121355
A7: Armenia | B7: Adjusted savings: natural resources depletion (% of GNI) | C7: 0.45312322 | D7: 0.49845616 | E7: 0.51313222 | F7: 0.54894981 | G7: 0.59846312 | H7: 0.61321322 | I7: 0.65123132 | J7: 0.69615165 | K7: 0.71651322 | L7: 0.79983165 | M7: 0.8123166 | N7: 0.85231132 | O7: 0.87456162 | P7: 0.89165192 | Q7: 0.95123165 | R7: 0.93131517 | S7: 0.91564659 | T7: 0.8745166 | U7: 0.8516569 | V7: 0.80231651 | W7: 0.69498485 | X7: 0.71651466 | Y7: 0.75615984 | Z7: 0.6145852 | AA7: 0.51428986 | AB7: 0.4589686 | AC7: 0.35214578 | AD7: 0.27986675 | AE7: 0.21458969 | AF7: 0.1985486 | AG7: 0.18825166 | AH7: 0.14210497 | AI7: 0.30957407 | AJ7: 0.27202553 | AK7: 0.52784879 | AL7: 0.41530354 | AM7: 0.85171672 | AN7: 0.57720378 | AO7: 0.73276429 | AP7: 0.9510684 | AQ7: 1.608086 | AR7: 2.424985 | AS7: 2.3273355 | AT7: 1.8513675 | AU7: 1.8611453 | AV7: 2.0972181 | AW7: 2.3522138 | AX7: 2.9353769 | AY7: 2.7156612 | AZ7: 3.3065165
A8: Aruba | B8: Adjusted savings: natural resources depletion (% of GNI) | C8: 0.03219999 | D8: 0.031321659 | E8: 0.097874616 | F8: 0.05232166 | G8: 0.033121232 | H8: 0.04123322 | I8: 0.05132152 | J8: 0.0046519919 | K8: 0.0036451569 | L8: 0.0021316599 | M8: 0.001765166 | N8: 0.0015646198 | O8: 0.00098813217 | P8: 0.0006984919 | Q8: 0.00056464949 | R8: 0.00036544985 | S8: 0.00021057184 | T8: 0.00018301132 | U8: 0.00012490977 | V8: 0.00010482564 | W8: 0.00031790352 | X8: 0.00034423617 | Y8: 0.00027901278 | Z8: 0.00016880033 | AA8: 0.00014404053 | AB8: 0.00018718801 | AC8: 0.0001345667 | AD8: 0.0001562411 | AE8: 0.0001717177 | AF8: 0.00016306593 | AG8: 0.00019613617 | AH8: 0.00021747998 | AI8: 0.00022359497 | AJ8: 0.00024140259 | AK8: 0.00025153534 | AL8: 0.00030617062 | AM8: 0.00038571405 | AN8: 0.00044259145 | AO8: 0.00042527203 | AP8: 0.00044750129 | AQ8: 0.0011614593 | AR8: 0.0010379569 | AS8: 0.0010322451 | AT8: 0.001261111 | AU8: 0.0018874415 | AV8: 0.0015051801 | AW8: 0.002119232 | AX8: 0.0021280855 | AY8: 0.0014561652 | AZ8: 0.002516616
A9: Australia | B9: Adjusted savings: natural resources depletion (% of GNI) | C9: 0.46972685 | D9: 0.45852246 | E9: 0.49071797 | F9: 0.81569817 | G9: 1.6361675 | H9: 1.6233243 | I9: 1.7554347 | J9: 1.9672085 | K9: 1.6754424 | L9: 3.00402 | M9: 2.9529598 | N9: 2.1128932 | O9: 1.5280539 | P9: 1.9406562 | Q9: 2.0802814 | R9: 2.5542028 | S9: 1.4021006 | T9: 1.8001141 | U9: 1.3620723 | V9: 1.3122898 | W9: 2.010116 | X9: 1.1819905 | Y9: 1.1119582 | Z9: 1.0013327 | AA9: 1.0852447 | AB9: 1.0651752 | AC9: 1.187572 | AD9: 1.0202351 | AE9: 0.74315487 | AF9: 0.86248034 | AG9: 1.7619608 | AH9: 1.4760716 | AI9: 1.3180654 | AJ9: 1.1898199 | AK9: 1.4826306 | AL9: 2.5581809 | AM9: 3.2281225 | AN9: 4.0378346 | AO9: 4.3422162 | AP9: 2.7520326 | AQ9: 3.3197665 | AR9: 3.8385031 | AS9: 3.1056576 | AT9: 2.759929 | AU9: 2.9048469 | AV9: 2.1360424 | AW9: 2.678974 | AX9: 3.0348682 | AY9: 2.7116552 | AZ9: 2.9030216
A10: Austria | B10: Adjusted savings: natural resources depletion (% of GNI) | C10: 0.029268459 | D10: 0.030565335 | E10: 0.033581893 | F10: 0.066088743 | G10: 0.27422129 | H10: 0.23416351 | I10: 0.218736 | J10: 0.19016 | K10: 0.1620427 | L10: 0.29222699 | M10: 0.30402661 | N10: 0.2043802 | O10: 0.10480607 | P10: 0.16626359 | Q10: 0.168812 | R10: 0.15625779 | S10: 0.056115865 | T10: 0.056004911 | U10: 0.048613367 | V10: 0.07250971 | W10: 0.078037447 | X10: 0.04444296 | Y10: 0.035168539 | Z10: 0.034312108 | AA10: 0.026837241 | AB10: 0.026658878 | AC10: 0.03473921 | AD10: 0.030031455 | AE10: 0.0094491733 | AF10: 0.021005662 | AG10: 0.066392619 | AH10: 0.071384456 | AI10: 0.06209036 | AJ10: 0.059637312 | AK10: 0.061562848 | AL10: 0.069113673 | AM10: 0.1068711 | AN10: 0.11496453 | AO10: 0.13565022 | AP10: 0.085349218 | AQ10: 0.10123261 | AR10: 0.13694267 | AS10: 0.14480887 | AT10: 0.12031479 | AU10: 0.095572062 | AV10: 0.056046864 | AW10: 0.035845984 | AX10: 0.054867375 | AY10: 0.041321165 | AZ10: 0.081612152
A11: Azerbaijan | B11: Adjusted savings: natural resources depletion (% of GNI) | C11: 2.2311321 | D11: 3.3123127 | E11: 4.5646165 | F11: 5.1321616 | G11: 6.1321212 | H11: 7.1266512 | I11: 8.1332117 | J11: 9.3132597 | K11: 10.223156 | L11: 11.312237 | M11: 12.21322 | N11: 13.132216 | O11: 14.312567 | P11: 15.312123 | Q11: 16.312652 | R11: 18.312165 | S11: 19.85617 | T11: 21.132356 | U11: 20.321562 | V11: 18.321217 | W11: 17.013217 | X11: 15.561657 | Y11: 14.654169 | Z11: 12.512488 | AA11: 15.41569 | AB11: 17.451255 | AC11: 11.125479 | AD11: 9.1547486 | AE11: 3.0197236 | AF11: 12.675333 | AG11: 27.426106 | AH11: 20.559254 | AI11: 9.537472 | AJ11: 9.7899506 | AK11: 11.396032 | AL11: 20.536359 | AM11: 27.824106 | AN11: 30.1028 | AO11: 30.397153 | AP11: 20.758611 | AQ11: 23.808291 | AR11: 25.173699 | AS11: 21.766566 | AT11: 18.525319 | AU11: 15.260204 | AV11: 9.4175817 | AW11: 10.330815 | AX11: 13.40967 | AY11: 12.006262 | AZ11: 11.003232
A12: Bahrain | B12: Adjusted savings: natural resources depletion (% of GNI) | C12: 5.4561162 | D12: 5.9881157 | E12: 6.3213157 | F12: 5.321656 | G12: 6.5621627 | H12: 7.1321262 | I12: 8.1321232 | J12: 9.211346 | K12: 12.213216 | L12: 14.123322 | M12: 16.416683 | N12: 11.674169 | O12: 8.4732199 | P12: 8.739092 | Q12: 7.944825 | R12: 9.1901418 | S12: 6.8183745 | T12: 7.9108014 | U12: 6.6187806 | V12: 8.5364262 | W12: 10.50258 | X12: 4.4959156 | Y12: 4.7100155 | Z12: 5.1342442 | AA12: 4.2827821 | AB12: 3.8737822 | AC12: 4.1252386 | AD12: 4.6656282 | AE12: 3.1628306 | AF12: 3.9046303 | AG12: 5.1547724 | AH12: 5.0353367 | AI12: 4.5492664 | AJ12: 4.5255518 | AK12: 4.5707891 | AL12: 5.6882689 | AM12: 6.2241474 | AN12: 5.9085061 | AO12: 6.678903 | AP12: 5.4204906 | AQ12: 5.2872301 | AR12: 7.4090356 | AS12: 8.3443652 | AT12: 8.9654507 | AU12: 8.8589095 | AV12: 4.6348927 | AW12: 2.9846501 | AX12: 3.2053581 | AY12: 3.1003231 | AZ12: 2.921302
A13: Bangladesh | B13: Adjusted savings: natural resources depletion (% of GNI) | C13: 0.6519999 | D13: 0.3213565 | E13: 0.47564656 | F13: 0.46050269 | G13: 0.35090159 | H13: 0.52189032 | I13: 0.63284081 | J13: 2.3045793 | K13: 1.6600992 | L13: 0.60345132 | M13: 0.64107166 | N13: 0.49700139 | O13: 0.81080982 | P13: 0.57017173 | Q13: 0.47404037 | R13: 0.2901268 | S13: 0.50736998 | T13: 0.42024206 | U13: 0.42219139 | V13: 0.38488775 | W13: 0.43099915 | X13: 0.42913793 | Y13: 0.43844844 | Z13: 0.357127 | AA13: 0.32712289 | AB13: 0.37246264 | AC13: 0.34539716 | AD13: 0.29176472 | AE13: 0.27030059 | AF13: 0.30332759 | AG13: 0.38163068 | AH13: 0.41677665 | AI13: 0.49993056 | AJ13: 0.46889262 | AK13: 0.49690324 | AL13: 0.62633184 | AM13: 0.95676463 | AN13: 0.89580826 | AO13: 0.82423863 | AP13: 0.84064205 | AQ13: 0.88058516 | AR13: 1.2570454 | AS13: 1.2695634 | AT13: 0.97485554 | AU13: 0.95060624 | AV13: 0.79525889 | AW13: 0.5398098 | AX13: 0.55337428 | AY13: 0.61565146 | AZ13: 0.7116652
... A161: Zimbabwe | B161: Adjusted savings: natural resources depletion (% of GNI) | C161: 1.0568957 | D161: 1.0425359 | E161: 0.92556038 | F161: 1.2337454 | G161: 1.3772933 | H161: 0.98259124 | I161: 1.5136349 | J161: 1.3966734 | K161: 0.94509487 | L161: 1.4736244 | M161: 1.5070619 | N161: 0.97691046 | O161: 0.70208294 | P161: 0.73348711 | Q161: 0.74044786 | R161: 0.86909679 | S161: 0.59302296 | T161: 0.70374635 | U161: 1.8447295 | V161: 1.6502876 | W161: 1.006282 | X161: 1.2145364 | Y161: 1.1381217 | Z161: 0.65030404 | AA161: 1.2165351 | AB161: 1.2363105 | AC161: 0.95989742 | AD161: 0.56662667 | AE161: 0.23861325 | AF161: 0.2685214 | AG161: 0.50324127 | AH161: 0.53013084 | AI161: 0.68485621 | AJ161: 1.3480233 | AK161: 2.8485771 | AL161: 2.2867534 | AM161: 4.0790228 | AN161: 6.4121473 | AO161: 5.0842353 | AP161: 1.6867329 | AQ161: 3.0762202 | AR161: 4.6578528 | AS161: 3.9478147 | AT161: 2.8188062 | AU161: 3.0008773 | AV161: 2.8108898 | AW161: 2.8704324 | AX161: 3.0801371 | AY161: 3.4113156 | AZ161: 3.5131562

Sheet cdm
A1: Country Name | B1: Indicator Name | C1: 1970 | D1: 1971 | E1: 1972 | F1: 1973 | G1: 1974 | H1: 1975 | I1: 1976 | J1: 1977 | K1: 1978 | L1: 1979 | M1: 1980 | N1: 1981 | O1: 1982 | P1: 1983 | Q1: 1984 | R1: 1985 | S1: 1986 | T1: 1987 | U1: 1988 | V1: 1989 | W1: 1990 | X1: 1991 | Y1: 1992 | Z1: 1993 | AA1: 1994 | AB1: 1995 | AC1: 1996 | AD1: 1997 | AE1: 1998 | AF1: 1999 | AG1: 2000 | AH1: 2001 | AI1: 2002 | AJ1: 2003 | AK1: 2004 | AL1: 2005 | AM1: 2006 | AN1: 2007 | AO1: 2008 | AP1: 2009 | AQ1: 2010 | AR1: 2011 | AS1: 2012 | AT1: 2013 | AU1: 2014 | AV1: 2015 | AW1: 2016 | AX1: 2017 | AY1: 2018 | AZ1: 2019
A2: Afghanistan | B2: Total CDM | C2: 11.07 | D2: 11.07 | E2: 11.07 | F2: 11.07 | G2: 11.07 | H2: 11.07 | I2: 11.07 | J2: 11.07 | K2: 11.07 | L2: 11.07 | M2: 11.07 | N2: 11.07 | O2: 11.07 | P2: 11.07 | Q2: 11.07 | R2: 11.07 | S2: 11.07 | T2: 11.07 | U2: 11.07 | V2: 11.07 | W2: 11.07 | X2: 11.07 | Y2: 11.07 | Z2: 11.07 | AA2: 11.07 | AB2: 11.07 | AC2: 11.07 | AD2: 11.07 | AE2: 11.07 | AF2: 11.07 | AG2: 11.07 | AH2: 11.07 | AI2: 11.07 | AJ2: 11.07 | AK2: 11.07 | AL2: 11.07 | AM2: 11.07 | AN2: 11.07 | AO2: 11.07 | AP2: 11.07 | AQ2: 11.07 | AR2: 11.07 | AS2: 11.07 | AT2: 11.07 | AU2: 11.07 | AV2: 11.07 | AW2: 11.07 | AX2: 11.07 | AY2: 11.07 | AZ2: 11.07
A3: Albania | B3: Total CDM | C3: 11.07 | D3: 11.07 | E3: 11.07 | F3: 11.07 | G3: 11.07 | H3: 11.07 | I3: 11.07 | J3: 11.07 | K3: 11.07 | L3: 11.07 | M3: 11.07 | N3: 11.07 | O3: 11.07 | P3: 11.07 | Q3: 11.07 | R3: 11.07 | S3: 11.07 | T3: 11.07 | U3: 11.07 | V3: 11.07 | W3: 11.07 | X3: 11.07 | Y3: 11.07 | Z3: 11.07 | AA3: 11.07 | AB3: 11.07 | AC3: 11.07 | AD3: 11.07 | AE3: 11.07 | AF3: 11.07 | AG3: 11.07 | AH3: 11.07 | AI3: 11.07 | AJ3: 11.07 | AK3: 11.07 | AL3: 11.07 | AM3: 11.07 | AN3: 11.07 | AO3: 11.07 | AP3: 11.07 | AQ3: 11.07 | AR3: 11.07 | AS3: 11.07 | AT3: 11.07 | AU3: 11.07 | AV3: 11.07 | AW3: 11.07 | AX3: 11.07 | AY3: 11.07 | AZ3: 11.07
A4: Algeria | B4: Total CDM | C4: 11.07 | D4: 11.07 | E4: 11.07 | F4: 11.07 | G4: 11.07 | H4: 11.07 | I4: 11.07 | J4: 11.07 | K4: 11.07 | L4: 11.07 | M4: 11.07 | N4: 11.07 | O4: 11.07 | P4: 11.07 | Q4: 11.07 | R4: 11.07 | S4: 11.07 | T4: 11.07 | U4: 11.07 | V4: 11.07 | W4: 11.07 | X4: 11.07 | Y4: 11.07 | Z4: 11.07 | AA4: 11.07 | AB4: 11.07 | AC4: 11.07 | AD4: 11.07 | AE4: 11.07 | AF4: 11.07 | AG4: 11.07 | AH4: 11.07 | AI4: 11.07 | AJ4: 11.07 | AK4: 11.07 | AL4: 11.07 | AM4: 11.07 | AN4: 11.07 | AO4: 11.07 | AP4: 11.07 | AQ4: 11.07 | AR4: 11.07 | AS4: 11.07 | AT4: 11.07 | AU4: 11.07 | AV4: 11.07 | AW4: 11.07 | AX4: 11.07 | AY4: 11.07 | AZ4: 11.07
A5: Angola | B5: Total CDM | C5: 11.07 | D5: 11.07 | E5: 11.07 | F5: 11.07 | G5: 11.07 | H5: 11.07 | I5: 11.07 | J5: 11.07 | K5: 11.07 | L5: 11.07 | M5: 11.07 | N5: 11.07 | O5: 11.07 | P5: 11.07 | Q5: 11.07 | R5: 11.07 | S5: 11.07 | T5: 11.07 | U5: 11.07 | V5: 11.07 | W5: 11.07 | X5: 11.07 | Y5: 11.07 | Z5: 11.07 | AA5: 11.07 | AB5: 11.07 | AC5: 11.07 | AD5: 11.07 | AE5: 11.07 | AF5: 11.07 | AG5: 11.07 | AH5: 11.07 | AI5: 11.07 | AJ5: 11.07 | AK5: 11.07 | AL5: 11.07 | AM5: 11.07 | AN5: 11.07 | AO5: 11.07 | AP5: 11.07 | AQ5: 11.07 | AR5: 11.07 | AS5: 11.07 | AT5: 11.07 | AU5: 11.07 | AV5: 11.07 | AW5: 11.07 | AX5: 11.07 | AY5: 11.07 | AZ5: 11.07
A6: Argentina | B6: Total CDM | C6: 11.07 | D6: 11.07 | E6: 11.07 | F6: 11.07 | G6: 11.07 | H6: 11.07 | I6: 11.07 | J6: 11.07 | K6: 11.07 | L6: 11.07 | M6: 11.07 | N6: 11.07 | O6: 11.07 | P6: 11.07 | Q6: 11.07 | R6: 11.07 | S6: 11.07 | T6: 11.07 | U6: 11.07 | V6: 11.07 | W6: 11.07 | X6: 11.07 | Y6: 11.07 | Z6: 11.07 | AA6: 11.07 | AB6: 11.07 | AC6: 11.07 | AD6: 11.07 | AE6: 11.07 | AF6: 11.07 | AG6: 11.07 | AH6: 11.07 | AI6: 11.07 | AJ6: 11.07 | AK6: 11.07 | AL6: 11.07 | AM6: 11.07 | AN6: 11.07 | AO6: 11.07 | AP6: 11.07 | AQ6: 11.07 | AR6: 11.07 | AS6: 11.07 | AT6: 11.07 | AU6: 11.07 | AV6: 11.07 | AW6: 11.07 | AX6: 11.07 | AY6: 11.07 | AZ6: 11.07
A7: Armenia | B7: Total CDM | C7: 11.07 | D7: 11.07 | E7: 11.07 | F7: 11.07 | G7: 11.07 | H7: 11.07 | I7: 11.07 | J7: 11.07 | K7: 11.07 | L7: 11.07 | M7: 11.07 | N7: 11.07 | O7: 11.07 | P7: 11.07 | Q7: 11.07 | R7: 11.07 | S7: 11.07 | T7: 11.07 | U7: 11.07 | V7: 11.07 | W7: 11.07 | X7: 11.07 | Y7: 11.07 | Z7: 11.07 | AA7: 11.07 | AB7: 11.07 | AC7: 11.07 | AD7: 11.07 | AE7: 11.07 | AF7: 11.07 | AG7: 11.07 | AH7: 11.07 | AI7: 11.07 | AJ7: 11.07 | AK7: 11.07 | AL7: 11.07 | AM7: 11.07 | AN7: 11.07 | AO7: 11.07 | AP7: 11.07 | AQ7: 11.07 | AR7: 11.07 | AS7: 11.07 | AT7: 11.07 | AU7: 11.07 | AV7: 11.07 | AW7: 11.07 | AX7: 11.07 | AY7: 11.07 | AZ7: 11.07
A8: Aruba | B8: Total CDM | C8: 11.07 | D8: 11.07 | E8: 11.07 | F8: 11.07 | G8: 11.07 | H8: 11.07 | I8: 11.07 | J8: 11.07 | K8: 11.07 | L8: 11.07 | M8: 11.07 | N8: 11.07 | O8: 11.07 | P8: 11.07 | Q8: 11.07 | R8: 11.07 | S8: 11.07 | T8: 11.07 | U8: 11.07 | V8: 11.07 | W8: 11.07 | X8: 11.07 | Y8: 11.07 | Z8: 11.07 | AA8: 11.07 | AB8: 11.07 | AC8: 11.07 | AD8: 11.07 | AE8: 11.07 | AF8: 11.07 | AG8: 11.07 | AH8: 11.07 | AI8: 11.07 | AJ8: 11.07 | AK8: 11.07 | AL8: 11.07 | AM8: 11.07 | AN8: 11.07 | AO8: 11.07 | AP8: 11.07 | AQ8: 11.07 | AR8: 11.07 | AS8: 11.07 | AT8: 11.07 | AU8: 11.07 | AV8: 11.07 | AW8: 11.07 | AX8: 11.07 | AY8: 11.07 | AZ8: 11.07
A9: Australia | B9: Total CDM | C9: 11.07 | D9: 11.07 | E9: 11.07 | F9: 11.07 | G9: 11.07 | H9: 11.07 | I9: 11.07 | J9: 11.07 | K9: 11.07 | L9: 11.07 | M9: 11.07 | N9: 11.07 | O9: 11.07 | P9: 11.07 | Q9: 11.07 | R9: 11.07 | S9: 11.07 | T9: 11.07 | U9: 11.07 | V9: 11.07 | W9: 11.07 | X9: 11.07 | Y9: 11.07 | Z9: 11.07 | AA9: 11.07 | AB9: 11.07 | AC9: 11.07 | AD9: 11.07 | AE9: 11.07 | AF9: 11.07 | AG9: 11.07 | AH9: 11.07 | AI9: 11.07 | AJ9: 11.07 | AK9: 11.07 | AL9: 11.07 | AM9: 11.07 | AN9: 11.07 | AO9: 11.07 | AP9: 11.07 | AQ9: 11.07 | AR9: 11.07 | AS9: 11.07 | AT9: 11.07 | AU9: 11.07 | AV9: 11.07 | AW9: 11.07 | AX9: 11.07 | AY9: 11.07 | AZ9: 11.07
A10: Austria | B10: Total CDM | C10: 11.07 | D10: 11.07 | E10: 11.07 | F10: 11.07 | G10: 11.07 | H10: 11.07 | I10: 11.07 | J10: 11.07 | K10: 11.07 | L10: 11.07 | M10: 11.07 | N10: 11.07 | O10: 11.07 | P10: 11.07 | Q10: 11.07 | R10: 11.07 | S10: 11.07 | T10: 11.07 | U10: 11.07 | V10: 11.07 | W10: 11.07 | X10: 11.07 | Y10: 11.07 | Z10: 11.07 | AA10: 11.07 | AB10: 11.07 | AC10: 11.07 | AD10: 11.07 | AE10: 11.07 | AF10: 11.07 | AG10: 11.07 | AH10: 11.07 | AI10: 11.07 | AJ10: 11.07 | AK10: 11.07 | AL10: 11.07 | AM10: 11.07 | AN10: 11.07 | AO10: 11.07 | AP10: 11.07 | AQ10: 11.07 | AR10: 11.07 | AS10: 11.07 | AT10: 11.07 | AU10: 11.07 | AV10: 11.07 | AW10: 11.07 | AX10: 11.07 | AY10: 11.07 | AZ10: 11.07
A11: Azerbaijan | B11: Total CDM | C11: 11.07 | D11: 11.07 | E11: 11.07 | F11: 11.07 | G11: 11.07 | H11: 11.07 | I11: 11.07 | J11: 11.07 | K11: 11.07 | L11: 11.07 | M11: 11.07 | N11: 11.07 | O11: 11.07 | P11: 11.07 | Q11: 11.07 | R11: 11.07 | S11: 11.07 | T11: 11.07 | U11: 11.07 | V11: 11.07 | W11: 11.07 | X11: 11.07 | Y11: 11.07 | Z11: 11.07 | AA11: 11.07 | AB11: 11.07 | AC11: 11.07 | AD11: 11.07 | AE11: 11.07 | AF11: 11.07 | AG11: 11.07 | AH11: 11.07 | AI11: 11.07 | AJ11: 11.07 | AK11: 11.07 | AL11: 11.07 | AM11: 11.07 | AN11: 11.07 | AO11: 11.07 | AP11: 11.07 | AQ11: 11.07 | AR11: 11.07 | AS11: 11.07 | AT11: 11.07 | AU11: 11.07 | AV11: 11.07 | AW11: 11.07 | AX11: 11.07 | AY11: 11.07 | AZ11: 11.07
A12: Bahrain | B12: Total CDM | C12: 11.07 | D12: 11.07 | E12: 11.07 | F12: 11.07 | G12: 11.07 | H12: 11.07 | I12: 11.07 | J12: 11.07 | K12: 11.07 | L12: 11.07 | M12: 11.07 | N12: 11.07 | O12: 11.07 | P12: 11.07 | Q12: 11.07 | R12: 11.07 | S12: 11.07 | T12: 11.07 | U12: 11.07 | V12: 11.07 | W12: 11.07 | X12: 11.07 | Y12: 11.07 | Z12: 11.07 | AA12: 11.07 | AB12: 11.07 | AC12: 11.07 | AD12: 11.07 | AE12: 11.07 | AF12: 11.07 | AG12: 11.07 | AH12: 11.07 | AI12: 11.07 | AJ12: 11.07 | AK12: 11.07 | AL12: 11.07 | AM12: 11.07 | AN12: 11.07 | AO12: 11.07 | AP12: 11.07 | AQ12: 11.07 | AR12: 11.07 | AS12: 11.07 | AT12: 11.07 | AU12: 11.07 | AV12: 11.07 | AW12: 11.07 | AX12: 11.07 | AY12: 11.07 | AZ12: 11.07
A13: Bangladesh | B13: Total CDM | C13: 11.07 | D13: 11.07 | E13: 11.07 | F13: 11.07 | G13: 11.07 | H13: 11.07 | I13: 11.07 | J13: 11.07 | K13: 11.07 | L13: 11.07 | M13: 11.07 | N13: 11.07 | O13: 11.07 | P13: 11.07 | Q13: 11.07 | R13: 11.07 | S13: 11.07 | T13: 11.07 | U13: 11.07 | V13: 11.07 | W13: 11.07 | X13: 11.07 | Y13: 11.07 | Z13: 11.07 | AA13: 11.07 | AB13: 11.07 | AC13: 11.07 | AD13: 11.07 | AE13: 11.07 | AF13: 11.07 | AG13: 11.07 | AH13: 11.07 | AI13: 11.07 | AJ13: 11.07 | AK13: 11.07 | AL13: 11.07 | AM13: 11.07 | AN13: 11.07 | AO13: 11.07 | AP13: 11.07 | AQ13: 11.07 | AR13: 11.07 | AS13: 11.07 | AT13: 11.07 | AU13: 11.07 | AV13: 11.07 | AW13: 11.07 | AX13: 11.07 | AY13: 11.07 | AZ13: 11.07
... A161: Zimbabwe | B161: Total CDM | C161: 11.07 | D161: 11.07 | E161: 11.07 | F161: 11.07 | G161: 11.07 | H161: 11.07 | I161: 11.07 | J161: 11.07 | K161: 11.07 | L161: 11.07 | M161: 11.07 | N161: 11.07 | O161: 11.07 | P161: 11.07 | Q161: 11.07 | R161: 11.07 | S161: 11.07 | T161: 11.07 | U161: 11.07 | V161: 11.07 | W161: 11.07 | X161: 11.07 | Y161: 11.07 | Z161: 11.07 | AA161: 11.07 | AB161: 11.07 | AC161: 11.07 | AD161: 11.07 | AE161: 11.07 | AF161: 11.07 | AG161: 11.07 | AH161: 11.07 | AI161: 11.07 | AJ161: 11.07 | AK161: 11.07 | AL161: 11.07 | AM161: 11.07 | AN161: 11.07 | AO161: 11.07 | AP161: 11.07 | AQ161: 11.07 | AR161: 11.07 | AS161: 11.07 | AT161: 11.07 | AU161: 11.07 | AV161: 11.07 | AW161: 11.07 | AX161: 11.07 | AY161: 11.07 | AZ161: 11.07

Sheet kwh
A1: Country Name | B1: Indicator Name | C1: 1970 | D1: 1971 | E1: 1972 | F1: 1973 | G1: 1974 | H1: 1975 | I1: 1976 | J1: 1977 | K1: 1978 | L1: 1979 | M1: 1980 | N1: 1981 | O1: 1982 | P1: 1983 | Q1: 1984 | R1: 1985 | S1: 1986 | T1: 1987 | U1: 1988 | V1: 1989 | W1: 1990 | X1: 1991 | Y1: 1992 | Z1: 1993 | AA1: 1994 | AB1: 1995 | AC1: 1996 | AD1: 1997 | AE1: 1998 | AF1: 1999 | AG1: 2000 | AH1: 2001 | AI1: 2002 | AJ1: 2003 | AK1: 2004 | AL1: 2005 | AM1: 2006 | AN1: 2007 | AO1: 2008 | AP1: 2009 | AQ1: 2010 | AR1: 2011 | AS1: 2012 | AT1: 2013 | AU1: 2014 | AV1: 2015 | AW1: 2016 | AX1: 2017 | AY1: 2018 | AZ1: 2019
A2: Afghanistan | B2: kwh energy in 1 tonne | C2: 74 | D2: 74 | E2: 74 | F2: 74 | G2: 74 | H2: 74 | I2: 74 | J2: 74 | K2: 74 | L2: 74 | M2: 74 | N2: 74 | O2: 74 | P2: 74 | Q2: 74 | R2: 74 | S2: 74 | T2: 74 | U2: 74 | V2: 74 | W2: 74 | X2: 74 | Y2: 74 | Z2: 74 | AA2: 74 | AB2: 74 | AC2: 74 | AD2: 74 | AE2: 74 | AF2: 74 | AG2: 74 | AH2: 74 | AI2: 74 | AJ2: 74 | AK2: 74 | AL2: 74 | AM2: 74 | AN2: 74 | AO2: 74 | AP2: 74 | AQ2: 74 | AR2: 74 | AS2: 74 | AT2: 74 | AU2: 74 | AV2: 74 | AW2: 74 | AX2: 74 | AY2: 74 | AZ2: 74
A3: Albania | B3: kwh energy in 1 tonne | C3: 74 | D3: 74 | E3: 74 | F3: 74 | G3: 74 | H3: 74 | I3: 74 | J3: 74 | K3: 74 | L3: 74 | M3: 74 | N3: 74 | O3: 74 | P3: 74 | Q3: 74 | R3: 74 | S3: 74 | T3: 74 | U3: 74 | V3: 74 | W3: 74 | X3: 74 | Y3: 74 | Z3: 74 | AA3: 74 | AB3: 74 | AC3: 74 | AD3: 74 | AE3: 74 | AF3: 74 | AG3: 74 | AH3: 74 | AI3: 74 | AJ3: 74 | AK3: 74 | AL3: 74 | AM3: 74 | AN3: 74 | AO3: 74 | AP3: 74 | AQ3: 74 | AR3: 74 | AS3: 74 | AT3: 74 | AU3: 74 | AV3: 74 | AW3: 74 | AX3: 74 | AY3: 74 | AZ3: 74
A4: Algeria | B4: kwh energy in 1 tonne | C4: 74 | D4: 74 | E4: 74 | F4: 74 | G4: 74 | H4: 74 | I4: 74 | J4: 74 | K4: 74 | L4: 74 | M4: 74 | N4: 74 | O4: 74 | P4: 74 | Q4: 74 | R4: 74 | S4: 74 | T4: 74 | U4: 74 | V4: 74 | W4: 74 | X4: 74 | Y4: 74 | Z4: 74 | AA4: 74 | AB4: 74 | AC4: 74 | AD4: 74 | AE4: 74 | AF4: 74 | AG4: 74 | AH4: 74 | AI4: 74 | AJ4: 74 | AK4: 74 | AL4: 74 | AM4: 74 | AN4: 74 | AO4: 74 | AP4: 74 | AQ4: 74 | AR4: 74 | AS4: 74 | AT4: 74 | AU4: 74 | AV4: 74 | AW4: 74 | AX4: 74 | AY4: 74 | AZ4: 74
A5: Angola | B5: kwh energy in 1 tonne | C5: 74 | D5: 74 | E5: 74 | F5: 74 | G5: 74 | H5: 74 | I5: 74 | J5: 74 | K5: 74 | L5: 74 | M5: 74 | N5: 74 | O5: 74 | P5: 74 | Q5: 74 | R5: 74 | S5: 74 | T5: 74 | U5: 74 | V5: 74 | W5: 74 | X5: 74 | Y5: 74 | Z5: 74 | AA5: 74 | AB5: 74 | AC5: 74 | AD5: 74 | AE5: 74 | AF5: 74 | AG5: 74 | AH5: 74 | AI5: 74 | AJ5: 74 | AK5: 74 | AL5: 74 | AM5: 74 | AN5: 74 | AO5: 74 | AP5: 74 | AQ5: 74 | AR5: 74 | AS5: 74 | AT5: 74 | AU5: 74 | AV5: 74 | AW5: 74 | AX5: 74 | AY5: 74 | AZ5: 74
A6: Argentina | B6: kwh energy in 1 tonne | C6: 74 | D6: 74 | E6: 74 | F6: 74 | G6: 74 | H6: 74 | I6: 74 | J6: 74 | K6: 74 | L6: 74 | M6: 74 | N6: 74 | O6: 74 | P6: 74 | Q6: 74 | R6: 74 | S6: 74 | T6: 74 | U6: 74 | V6: 74 | W6: 74 | X6: 74 | Y6: 74 | Z6: 74 | AA6: 74 | AB6: 74 | AC6: 74 | AD6: 74 | AE6: 74 | AF6: 74 | AG6: 74 | AH6: 74 | AI6: 74 | AJ6: 74 | AK6: 74 | AL6: 74 | AM6: 74 | AN6: 74 | AO6: 74 | AP6: 74 | AQ6: 74 | AR6: 74 | AS6: 74 | AT6: 74 | AU6: 74 | AV6: 74 | AW6: 74 | AX6: 74 | AY6: 74 | AZ6: 74
A7: Armenia | B7: kwh energy in 1 tonne | C7: 74 | D7: 74 | E7: 74 | F7: 74 | G7: 74 | H7: 74 | I7: 74 | J7: 74 | K7: 74 | L7: 74 | M7: 74 | N7: 74 | O7: 74 | P7: 74 | Q7: 74 | R7: 74 | S7: 74 | T7: 74 | U7: 74 | V7: 74 | W7: 74 | X7: 74 | Y7: 74 | Z7: 74 | AA7: 74 | AB7: 74 | AC7: 74 | AD7: 74 | AE7: 74 | AF7: 74 | AG7: 74 | AH7: 74 | AI7: 74 | AJ7: 74 | AK7: 74 | AL7: 74 | AM7: 74 | AN7: 74 | AO7: 74 | AP7: 74 | AQ7: 74 | AR7: 74 | AS7: 74 | AT7: 74 | AU7: 74 | AV7: 74 | AW7: 74 | AX7: 74 | AY7: 74 | AZ7: 74
A8: Aruba | B8: kwh energy in 1 tonne | C8: 74 | D8: 74 | E8: 74 | F8: 74 | G8: 74 | H8: 74 | I8: 74 | J8: 74 | K8: 74 | L8: 74 | M8: 74 | N8: 74 | O8: 74 | P8: 74 | Q8: 74 | R8: 74 | S8: 74 | T8: 74 | U8: 74 | V8: 74 | W8: 74 | X8: 74 | Y8: 74 | Z8: 74 | AA8: 74 | AB8: 74 | AC8: 74 | AD8: 74 | AE8: 74 | AF8: 74 | AG8: 74 | AH8: 74 | AI8: 74 | AJ8: 74 | AK8: 74 | AL8: 74 | AM8: 74 | AN8: 74 | AO8: 74 | AP8: 74 | AQ8: 74 | AR8: 74 | AS8: 74 | AT8: 74 | AU8: 74 | AV8: 74 | AW8: 74 | AX8: 74 | AY8: 74 | AZ8: 74
A9: Australia | B9: kwh energy in 1 tonne | C9: 74 | D9: 74 | E9: 74 | F9: 74 | G9: 74 | H9: 74 | I9: 74 | J9: 74 | K9: 74 | L9: 74 | M9: 74 | N9: 74 | O9: 74 | P9: 74 | Q9: 74 | R9: 74 | S9: 74 | T9: 74 | U9: 74 | V9: 74 | W9: 74 | X9: 74 | Y9: 74 | Z9: 74 | AA9: 74 | AB9: 74 | AC9: 74 | AD9: 74 | AE9: 74 | AF9: 74 | AG9: 74 | AH9: 74 | AI9: 74 | AJ9: 74 | AK9: 74 | AL9: 74 | AM9: 74 | AN9: 74 | AO9: 74 | AP9: 74 | AQ9: 74 | AR9: 74 | AS9: 74 | AT9: 74 | AU9: 74 | AV9: 74 | AW9: 74 | AX9: 74 | AY9: 74 | AZ9: 74
A10: Austria | B10: kwh energy in 1 tonne | C10: 74 | D10: 74 | E10: 74 | F10: 74 | G10: 74 | H10: 74 | I10: 74 | J10: 74 | K10: 74 | L10: 74 | M10: 74 | N10: 74 | O10: 74 | P10: 74 | Q10: 74 | R10: 74 | S10: 74 | T10: 74 | U10: 74 | V10: 74 | W10: 74 | X10: 74 | Y10: 74 | Z10: 74 | AA10: 74 | AB10: 74 | AC10: 74 | AD10: 74 | AE10: 74 | AF10: 74 | AG10: 74 | AH10: 74 | AI10: 74 | AJ10: 74 | AK10: 74 | AL10: 74 | AM10: 74 | AN10: 74 | AO10: 74 | AP10: 74 | AQ10: 74 | AR10: 74 | AS10: 74 | AT10: 74 | AU10: 74 | AV10: 74 | AW10: 74 | AX10: 74 | AY10: 74 | AZ10: 74
A11: Azerbaijan | B11: kwh energy in 1 tonne | C11: 74 | D11: 74 | E11: 74 | F11: 74 | G11: 74 | H11: 74 | I11: 74 | J11: 74 | K11: 74 | L11: 74 | M11: 74 | N11: 74 | O11: 74 | P11: 74 | Q11: 74 | R11: 74 | S11: 74 | T11: 74 | U11: 74 | V11: 74 | W11: 74 | X11: 74 | Y11: 74 | Z11: 74 | AA11: 74 | AB11: 74 | AC11: 74 | AD11: 74 | AE11: 74 | AF11: 74 | AG11: 74 | AH11: 74 | AI11: 74 | AJ11: 74 | AK11: 74 | AL11: 74 | AM11: 74 | AN11: 74 | AO11: 74 | AP11: 74 | AQ11: 74 | AR11: 74 | AS11: 74 | AT11: 74 | AU11: 74 | AV11: 74 | AW11: 74 | AX11: 74 | AY11: 74 | AZ11: 74
A12: Bahrain | B12: kwh energy in 1 tonne | C12: 74 | D12: 74 | E12: 74 | F12: 74 | G12: 74 | H12: 74 | I12: 74 | J12: 74 | K12: 74 | L12: 74 | M12: 74 | N12: 74 | O12: 74 | P12: 74 | Q12: 74 | R12: 74 | S12: 74 | T12: 74 | U12: 74 | V12: 74 | W12: 74 | X12: 74 | Y12: 74 | Z12: 74 | AA12: 74 | AB12: 74 | AC12: 74 | AD12: 74 | AE12: 74 | AF12: 74 | AG12: 74 | AH12: 74 | AI12: 74 | AJ12: 74 | AK12: 74 | AL12: 74 | AM12: 74 | AN12: 74 | AO12: 74 | AP12: 74 | AQ12: 74 | AR12: 74 | AS12: 74 | AT12: 74 | AU12: 74 | AV12: 74 | AW12: 74 | AX12: 74 | AY12: 74 | AZ12: 74
A13: Bangladesh | B13: kwh energy in 1 tonne | C13: 74 | D13: 74 | E13: 74 | F13: 74 | G13: 74 | H13: 74 | I13: 74 | J13: 74 | K13: 74 | L13: 74 | M13: 74 | N13: 74 | O13: 74 | P13: 74 | Q13: 74 | R13: 74 | S13: 74 | T13: 74 | U13: 74 | V13: 74 | W13: 74 | X13: 74 | Y13: 74 | Z13: 74 | AA13: 74 | AB13: 74 | AC13: 74 | AD13: 74 | AE13: 74 | AF13: 74 | AG13: 74 | AH13: 74 | AI13: 74 | AJ13: 74 | AK13: 74 | AL13: 74 | AM13: 74 | AN13: 74 | AO13: 74 | AP13: 74 | AQ13: 74 | AR13: 74 | AS13: 74 | AT13: 74 | AU13: 74 | AV13: 74 | AW13: 74 | AX13: 74 | AY13: 74 | AZ13: 74
... A161: Zimbabwe | B161: kwh energy in 1 tonne | C161: 74 | D161: 74 | E161: 74 | F161: 74 | G161: 74 | H161: 74 | I161: 74 | J161: 74 | K161: 74 | L161: 74 | M161: 74 | N161: 74 | O161: 74 | P161: 74 | Q161: 74 | R161: 74 | S161: 74 | T161: 74 | U161: 74 | V161: 74 | W161: 74 | X161: 74 | Y161: 74 | Z161: 74 | AA161: 74 | AB161: 74 | AC161: 74 | AD161: 74 | AE161: 74 | AF161: 74 | AG161: 74 | AH161: 74 | AI161: 74 | AJ161: 74 | AK161: 74 | AL161: 74 | AM161: 74 | AN161: 74 | AO161: 74 | AP161: 74 | AQ161: 74 | AR161: 74 | AS161: 74 | AT161: 74 | AU161: 74 | AV161: 74 | AW161: 74 | AX161: 74 | AY161: 74 | AZ161: 74

Sheet gdp
A1: Country Name | B1: Indicator Name | C1: 1970 | D1: 1971 | E1: 1972 | F1: 1973 | G1: 1974 | H1: 1975 | I1: 1976 | J1: 1977 | K1: 1978 | L1: 1979 | M1: 1980 | N1: 1981 | O1: 1982 | P1: 1983 | Q1: 1984 | R1: 1985 | S1: 1986 | T1: 1987 | U1: 1988 | V1: 1989 | W1: 1990 | X1: 1991 | Y1: 1992 | Z1: 1993 | AA1: 1994 | AB1: 1995 | AC1: 1996 | AD1: 1997 | AE1: 1998 | AF1: 1999 | AG1: 2000 | AH1: 2001 | AI1: 2002 | AJ1: 2003 | AK1: 2004 | AL1: 2005 | AM1: 2006 | AN1: 2007 | AO1: 2008 | AP1: 2009 | AQ1: 2010 | AR1: 2011 | AS1: 2012 | AT1: 2013 | AU1: 2014 | AV1: 2015 | AW1: 2016 | AX1: 2017 | AY1: 2018 | AZ1: 2019
A2: Afghanistan | B2: GDP (current US$) | C2: 1.7488866e+09 | D2: 1.831109e+09 | E2: 1.5955555e+09 | F2: 1.7333333e+09 | G2: 2.1555555e+09 | H2: 2.3666666e+09 | I2: 2.5555556e+09 | J2: 2.9533334e+09 | K2: 3.3000001e+09 | L2: 3.6979404e+09 | M2: 3.6417233e+09 | N2: 3.4787879e+09 | O2: 3626548751 | P2: 3412587451 | Q2: 3425125654 | R2: 3562656487 | S2: 3562548574 | T2: 3625124578 | U2: 3625152478 | V2: 3625894751 | W2: 3615254781 | X2: 3741521458 | Y2: 3754859625 | Z2: 3765482514 | AA2: 3865245178 | AB2: 3896584751 | AC2: 3845178452 | AD2: 3765482594 | AE2: 3749658215 | AF2: 3758964821 | AG2: 3847581258 | AH2: 3985641526 | AI2: 4.0551796e+09 | AJ2: 4.5155588e+09 | AK2: 5.2267788e+09 | AL2: 6.2091376e+09 | AM2: 6.9712856e+09 | AN2: 9.7478795e+09 | AO2: 1.0109226e+10 | AP2: 1.2439087e+10 | AQ2: 1.5856575e+10 | AR2: 1.7804293e+10 | AS2: 2.0001599e+10 | AT2: 2.056107e+10 | AU2: 2.0484885e+10 | AV2: 1.9907111e+10 | AW2: 1.9362642e+10 | AX2: 2.019176e+10 | AY2: 1.9484385e+10 | AZ2: 1.9101354e+10
A3: Albania | B3: GDP (current US$) | C3: 1027458963 | D3: 1125896210 | E3: 1274585214 | F3: 1298560231 | G3: 1336528945 | H3: 1398547854 | I3: 1425896366 | J3: 1524526385 | K3: 1594585478 | L3: 1621478541 | M3: 1652325478 | N3: 1698547514 | O3: 1758963524 | P3: 1785485625 | Q3: 1.857338e+09 | R3: 1.8970501e+09 | S3: 2097326250 | T3: 2.0807962e+09 | U3: 2.0512362e+09 | V3: 2253090000 | W3: 2028553750 | X3: 1.099559e+09 | Y3: 6.5217499e+08 | Z3: 1.1853155e+09 | AA3: 1.8809515e+09 | AB3: 2.3927649e+09 | AC3: 3.1996426e+09 | AD3: 2.2585156e+09 | AE3: 2.5459673e+09 | AF3: 3.212119e+09 | AG3: 3.4803552e+09 | AH3: 3.9220995e+09 | AI3: 4.3480702e+09 | AJ3: 5.6114923e+09 | AK3: 7.1846814e+09 | AL3: 8.0520756e+09 | AM3: 8.8960739e+09 | AN3: 1.0677321e+10 | AO3: 1.2881354e+10 | AP3: 1.2044223e+10 | AQ3: 1.1926929e+10 | AR3: 1.2890765e+10 | AS3: 1.231983e+10 | AT3: 1.2776217e+10 | AU3: 1.3228144e+10 | AV3: 1.1386846e+10 | AW3: 1.1861201e+10 | AX3: 1.3019693e+10 | AY3: 1.5147021e+10 | AZ3: 1.5278077e+10
A4: Algeria | B4: GDP (current US$) | C4: 4.8634875e+09 | D4: 5.0772224e+09 | E4: 6.7617864e+09 | F4: 8.7151059e+09 | G4: 1.3209714e+10 | H4: 1.5557934e+10 | I4: 1.7728347e+10 | J4: 2.0971901e+10 | K4: 2.6364491e+10 | L4: 3.3243422e+10 | M4: 4.2345277e+10 | N4: 4.4348673e+10 | O4: 4.5207089e+10 | P4: 4.880137e+10 | Q4: 5.3698279e+10 | R4: 5.7937869e+10 | S4: 6.3696302e+10 | T4: 6.6742268e+10 | U4: 5.9089067e+10 | V4: 5.563149e+10 | W4: 6.20451e+10 | X4: 4.5715367e+10 | Y4: 4.8003298e+10 | Z4: 4.9946455e+10 | AA4: 4.2542571e+10 | AB4: 4.1764052e+10 | AC4: 4.6941497e+10 | AD4: 4.8177863e+10 | AE4: 4.8187748e+10 | AF4: 4.864061e+10 | AG4: 5.4788732e+10 | AH4: 5.474584e+10 | AI4: 5.6760623e+10 | AJ4: 6.7864849e+10 | AK4: 8.5324767e+10 | AL4: 1.0319844e+11 | AM4: 1.1702544e+11 | AN4: 1.3497728e+11 | AO4: 1.7100064e+11 | AP4: 1.3721069e+11 | AQ4: 1.6120775e+11 | AR4: 2.0001947e+11 | AS4: 2.0906031e+11 | AT4: 2.0975476e+11 | AU4: 2.1380881e+11 | AV4: 1.6597942e+11 | AW4: 1.6003384e+11 | AX4: 1.6738936e+11 | AY4: 1.7375795e+11 | AZ4: 1.6998824e+11
A5: Angola | B5: GDP (current US$) | C5: 3302510251 | D5: 3541247419 | E5: 3854257851 | F5: 4025746931 | G5: 4125745896 | H5: 4412562587 | I5: 4512478546 | J5: 4856896587 | K5: 5102568954 | L5: 5214524587 | M5: 5.9305034e+09 | N5: 5.550483e+09 | O5: 5.550483e+09 | P5: 5.7843416e+09 | Q5: 6.1314751e+09 | R5: 7.5535605e+09 | S5: 7.0720633e+09 | T5: 8.083872e+09 | U5: 8.7692505e+09 | V5: 1.0201099e+10 | W5: 1.1228765e+10 | X5: 1.0603785e+10 | Y5: 8.307811e+09 | Z5: 5.7687204e+09 | AA5: 4.438321e+09 | AB5: 5.5387493e+09 | AC5: 7.5264466e+09 | AD5: 7.6483774e+09 | AE5: 6.5062296e+09 | AF5: 6.1529229e+09 | AG5: 9.1295948e+09 | AH5: 8.9360637e+09 | AI5: 1.5285595e+10 | AJ5: 1.7812705e+10 | AK5: 2.3552052e+10 | AL5: 3.6970919e+10 | AM5: 5.2381007e+10 | AN5: 6.5266452e+10 | AO5: 8.8538611e+10 | AP5: 7.0307164e+10 | AQ5: 8.3799497e+10 | AR5: 1.1178969e+11 | AS5: 1.2805285e+11 | AT5: 1.3670986e+11 | AU5: 1.457122e+11 | AV5: 1.1619365e+11 | AW5: 1.0112385e+11 | AX5: 1.2212382e+11 | AY5: 1.0135323e+11 | AZ5: 9.4635416e+10
A6: Argentina | B6: GDP (current US$) | C6: 3.158421e+10 | D6: 3.3293199e+10 | E6: 3.4733001e+10 | F6: 5.2544e+10 | G6: 7.2436777e+10 | H6: 5.2438648e+10 | I6: 5.11695e+10 | J6: 5.6781e+10 | K6: 5.808287e+10 | L6: 6.9252329e+10 | M6: 7.6961924e+10 | N6: 7.8676842e+10 | O6: 8.4307487e+10 | P6: 1.0397911e+11 | Q6: 7.9092002e+10 | R6: 8.8416669e+10 | S6: 1.1093444e+11 | T6: 1.1110619e+11 | U6: 1.2620682e+11 | V6: 7.6636898e+10 | W6: 1.4135237e+11 | X6: 1.8971998e+11 | Y6: 2.2878862e+11 | Z6: 2.3674172e+11 | AA6: 257440000000 | AB6: 258031750000 | AC6: 272149750000 | AD6: 292859000000 | AE6: 298948250000 | AF6: 283523000000 | AG6: 284203750000 | AH6: 268696750000 | AI6: 9.7724004e+10 | AJ6: 1.2758697e+11 | AK6: 1.6465793e+11 | AL6: 1.987371e+11 | AM6: 2.3255726e+11 | AN6: 2.8753051e+11 | AO6: 3.6155804e+11 | AP6: 3.3297648e+11 | AQ6: 4.2362742e+11 | AR6: 5.3016328e+11 | AS6: 5.4598238e+11 | AT6: 5.5202514e+11 | AU6: 5.2631967e+11 | AV6: 5.9474929e+11 | AW6: 5.5753138e+11 | AX6: 6.4269586e+11 | AY6: 5.1987152e+11 | AZ6: 4.4966345e+11
A7: Armenia | B7: GDP (current US$) | C7: 954125102 | D7: 995241525 | E7: 998564574 | F7: 1052458745 | G7: 1140257849 | H7: 1256482102 | I7: 1284578548 | J7: 1332540214 | K7: 1340257448 | L7: 1384520124 | M7: 1452565874 | N7: 1685485789 | O7: 1784575856 | P7: 1854754784 | Q7: 1977548521 | R7: 1985241254 | S7: 2003642157 | T7: 2012541068 | U7: 2056245874 | V7: 2152470145 | W7: 2.2568389e+09 | X7: 2.0685265e+09 | Y7: 1.2725775e+09 | Z7: 1.2013132e+09 | AA7: 1.3151587e+09 | AB7: 1.4683174e+09 | AC7: 1.5969689e+09 | AD7: 1.6394924e+09 | AE7: 1.8937264e+09 | AF7: 1.8454822e+09 | AG7: 1.9115637e+09 | AH7: 2.1184679e+09 | AI7: 2.376335e+09 | AJ7: 2.807061e+09 | AK7: 3.5766152e+09 | AL7: 4.90047e+09 | AM7: 6.3844516e+09 | AN7: 9.2063017e+09 | AO7: 1.1662041e+10 | AP7: 8.6479367e+09 | AQ7: 9.2602849e+09 | AR7: 1.0142111e+10 | AS7: 1.061932e+10 | AT7: 1.1121466e+10 | AU7: 1.1609513e+10 | AV7: 1.0553338e+10 | AW7: 1.0546135e+10 | AX7: 1.1527459e+10 | AY7: 1.2457942e+10 | AZ7: 1.3672802e+10
A8: Aruba | B8: GDP (current US$) | C8: 1.9856896e+08 | D8: 2.0124579e+08 | E8: 2.1563985e+08 | F8: 2.4512524e+08 | G8: 2.5452897e+08 | H8: 2.6457857e+08 | I8: 2.6356897e+08 | J8: 2.4585479e+08 | K8: 2.7548625e+08 | L8: 2.8963542e+08 | M8: 2.9584751e+08 | N8: 3.1524579e+08 | O8: 3.3658946e+08 | P8: 3.5251548e+08 | Q8: 3.6568548e+08 | R8: 3.9584653e+08 | S8: 4.0546342e+08 | T8: 4.8760246e+08 | U8: 5.9642361e+08 | V8: 6.9530436e+08 | W8: 7.6488712e+08 | X8: 8.7213872e+08 | Y8: 9.5846318e+08 | Z8: 1.0829797e+09 | AA8: 1.2456883e+09 | AB8: 1.3204749e+09 | AC8: 1.3799609e+09 | AD8: 1.5319441e+09 | AE8: 1.6651006e+09 | AF8: 1.7227989e+09 | AG8: 1.8734525e+09 | AH8: 1.9201117e+09 | AI8: 1.9413408e+09 | AJ8: 2.0212291e+09 | AK8: 2.2284916e+09 | AL8: 2.3307263e+09 | AM8: 2.424581e+09 | AN8: 2.6150838e+09 | AO8: 2.7452514e+09 | AP8: 2.4988827e+09 | AQ8: 2.3905028e+09 | AR8: 2.5497207e+09 | AS8: 2.5346369e+09 | AT8: 2.701676e+09 | AU8: 2.7653631e+09 | AV8: 2.9195531e+09 | AW8: 2.9659218e+09 | AX8: 3.0564246e+09 | AY8: 3125165214 | AZ8: 3215254178
A9: Australia | B9: GDP (current US$) | C9: 4.1271139e+10 | D9: 4.5149513e+10 | E9: 5.196729e+10 | F9: 6.3737348e+10 | G9: 8.8831245e+10 | H9: 9.7170559e+10 | I9: 1.0492122e+11 | J9: 1.1020188e+11 | K9: 1.183386e+11 | L9: 1.3471203e+11 | M9: 1.4977493e+11 | N9: 1.7664228e+11 | O9: 1.9377027e+11 | P9: 1.7703042e+11 | Q9: 1.9324217e+11 | R9: 1.8023472e+11 | S9: 1.8203693e+11 | T9: 1.8906035e+11 | U9: 2.356592e+11 | V9: 2.9926797e+11 | W9: 3.1077722e+11 | X9: 3.2531042e+11 | Y9: 3.2487887e+11 | Z9: 3.1154441e+11 | AA9: 3.2221169e+11 | AB9: 3.6721636e+11 | AC9: 4.0030273e+11 | AD9: 4.3456801e+11 | AE9: 3.9889914e+11 | AF9: 3.8860822e+11 | AG9: 4.1522263e+11 | AH9: 3.7837609e+11 | AI9: 3.9464891e+11 | AJ9: 4.6648806e+11 | AK9: 6.124904e+11 | AL9: 6.9340776e+11 | AM9: 7.4605421e+11 | AN9: 8.5309963e+11 | AO9: 1.0539955e+12 | AP9: 9.2780518e+11 | AQ9: 1.1461385e+12 | AR9: 1.3966499e+12 | AS9: 1.5461518e+12 | AT9: 1.5761845e+12 | AU9: 1.4674837e+12 | AV9: 1.351694e+12 | AW9: 1.208847e+12 | AX9: 1.3301358e+12 | AY9: 1.4339043e+12 | AZ9: 1.3926806e+12
A10: Austria | B10: GDP (current US$) | C10: 1.5373006e+10 | D10: 1.7858486e+10 | E10: 2.2059612e+10 | F10: 2.9515468e+10 | G10: 3.51893e+10 | H10: 4.0059207e+10 | I10: 4.2959976e+10 | J10: 5.1545759e+10 | K10: 6.2052259e+10 | L10: 7.3937297e+10 | M10: 8.2058912e+10 | N10: 7.1034228e+10 | O10: 7.1275287e+10 | P10: 7.2121017e+10 | Q10: 6.7985345e+10 | R10: 6.9386774e+10 | S10: 9.9036165e+10 | T10: 1.2416844e+11 | U10: 1.333394e+11 | V10: 1.3310581e+11 | W10: 1.6646339e+11 | X10: 1.7379418e+11 | Y10: 1.9507813e+11 | Z10: 1.9037972e+11 | AA10: 2.0353524e+11 | AB10: 2.4103828e+11 | AC10: 2.3725095e+11 | AD10: 2.1279035e+11 | AE10: 2.182599e+11 | AF10: 2.1718579e+11 | AG10: 1.9679978e+11 | AH10: 1.9733788e+11 | AI10: 2.1337777e+11 | AJ10: 2.6169578e+11 | AK10: 3.0090422e+11 | AL10: 3.1597442e+11 | AM10: 3.3599856e+11 | AN10: 3.8869145e+11 | AO10: 4.3029429e+11 | AP10: 4.001723e+11 | AQ10: 3.9189275e+11 | AR10: 4.3112031e+11 | AS10: 4.0942523e+11 | AT10: 4.3006871e+11 | AU10: 4.4199613e+11 | AV10: 3.8181757e+11 | AW10: 3.9522768e+11 | AX10: 4.1831616e+11 | AY10: 4.5550826e+11 | AZ10: 4.4631474e+11
A11: Azerbaijan | B11: GDP (current US$) | C11: 2985689584 | D11: 3365895687 | E11: 3458547524 | F11: 3845268958 | G11: 4025689587 | H11: 4362568947 | I11: 4478589685 | J11: 4952362685 | K11: 5125475120 | L11: 5985647854 | M11: 6253457418 | N11: 6625847129 | O11: 6859636525 | P11: 7052845626 | Q11: 7215284796 | R11: 7521638954 | S11: 7748145214 | T11: 7958562548 | U11: 8025634785 | V11: 8154256894 | W11: 8.858006e+09 | X11: 8.7923658e+09 | Y11: 4.9913505e+09 | Z11: 3.9709534e+09 | AA11: 3.3139396e+09 | AB11: 3.0524675e+09 | AC11: 3.1767031e+09 | AD11: 3.9627353e+09 | AE11: 4.4463704e+09 | AF11: 4.5812467e+09 | AG11: 5.2726172e+09 | AH11: 5.7077204e+09 | AI11: 6.2358568e+09 | AJ11: 7.276013e+09 | AK11: 8.6803704e+09 | AL11: 1.3245716e+10 | AM11: 2.0982986e+10 | AN11: 3.3050344e+10 | AO11: 4.8852483e+10 | AP11: 4.429149e+10 | AQ11: 5.2902703e+10 | AR11: 6.5951627e+10 | AS11: 6.9683936e+10 | AT11: 7.4164436e+10 | AU11: 7.5244294e+10 | AV11: 5.307437e+10 | AW11: 3.7867519e+10 | AX11: 4.0865559e+10 | AY11: 4.7112941e+10 | AZ11: 4.8047647e+10
A12: Bahrain | B12: GDP (current US$) | C12: 1698569562 | D12: 1715258948 | E12: 1785485623 | F12: 19856969254 | G12: 2152562565 | H12: 2254857845 | I12: 2563689854 | J12: 2754855124 | K12: 2845152568 | L12: 2985696585 | M12: 3.0726983e+09 | N12: 3.4678191e+09 | O12: 3.6457447e+09 | P12: 3.7351064e+09 | Q12: 3.9055851e+09 | R12: 3.6518617e+09 | S12: 3.0523936e+09 | T12: 3.392021e+09 | U12: 3.7023936e+09 | V12: 3.8635638e+09 | W12: 4.2297872e+09 | X12: 4.6162234e+09 | Y12: 4.7510638e+09 | Z12: 5.200266e+09 | AA12: 5.5675535e+09 | AB12: 5.8494678e+09 | AC12: 6.1018614e+09 | AD12: 6.3492024e+09 | AE12: 6.1837766e+09 | AF12: 6.6210104e+09 | AG12: 9.0628989e+09 | AH12: 8.9761968e+09 | AI12: 9.5935106e+09 | AJ12: 1.1074814e+10 | AK12: 1.315016e+10 | AL12: 1.5968723e+10 | AM12: 1.8504761e+10 | AN12: 21730000000 | AO12: 2.5710904e+10 | AP12: 2.2938218e+10 | AQ12: 2.5713271e+10 | AR12: 2.8776596e+10 | AS12: 3.0749309e+10 | AT12: 3.2539468e+10 | AU12: 3.3387713e+10 | AV12: 3.1125851e+10 | AW12: 3.2250133e+10 | AX12: 3.5423644e+10 | AY12: 37652500000 | AZ12: 3.8574069e+10
A13: Bangladesh | B13: GDP (current US$) | C13: 8.9927218e+09 | D13: 8.7518428e+09 | E13: 6.2882459e+09 | F13: 8.0867257e+09 | G13: 1.2512461e+10 | H13: 1.9448348e+10 | I13: 1.0117113e+10 | J13: 9.6511493e+09 | K13: 1.3281767e+10 | L13: 1.556548e+10 | M13: 1.8138049e+10 | N13: 2.0249694e+10 | O13: 1.8525399e+10 | P13: 1.7609049e+10 | Q13: 18920840000 | R13: 2.2278423e+10 | S13: 2.1774033e+10 | T13: 2.4298032e+10 | U13: 2.6579006e+10 | V13: 2.8781715e+10 | W13: 3.1598341e+10 | X13: 3.0957484e+10 | Y13: 3.1708875e+10 | Z13: 3.3166519e+10 | AA13: 3.3768661e+10 | AB13: 3.7939749e+10 | AC13: 4.6438484e+10 | AD13: 4.8244309e+10 | AE13: 4.9984559e+10 | AF13: 5.127057e+10 | AG13: 5.3369787e+10 | AH13: 5.399129e+10 | AI13: 5.4724081e+10 | AJ13: 6.0158929e+10 | AK13: 6.5108544e+10 | AL13: 6.9442943e+10 | AM13: 7.1819084e+10 | AN13: 7.9611888e+10 | AO13: 9.1631278e+10 | AP13: 1.0247779e+11 | AQ13: 1.1527908e+11 | AR13: 1.2863794e+11 | AS13: 1.3335575e+11 | AT13: 1.4999045e+11 | AU13: 1.7288545e+11 | AV13: 1.9507868e+11 | AW13: 2.2141516e+11 | AX13: 2.4971105e+11 | AY13: 2.7403909e+11 | AZ13: 3.0257125e+11
... A161: Zimbabwe | B161: GDP (current US$) | C161: 1.8842063e+09 | D161: 2178716300 | E161: 2677729400 | F161: 3309353600 | G161: 3982161400 | H161: 4371300700 | I161: 4318372000 | J161: 4364382100 | K161: 4351600500 | L161: 5177459400 | M161: 6678868200 | N161: 8011373800 | O161: 8.5397007e+09 | P161: 7764067000 | Q161: 6352125900 | R161: 5637259300 | S161: 6217523700 | T161: 6741215100 | U161: 7814784100 | V161: 8.2863227e+09 | W161: 8783816700 | X161: 8641481700 | Y161: 6751472200 | Z161: 6563813300 | AA161: 6890675000 | AB161: 7111270700 | AC161: 8553146600 | AD161: 8529571600 | AE161: 6401968200 | AF161: 6858013100 | AG161: 6.6899576e+09 | AH161: 6.7773847e+09 | AI161: 6342116400 | AJ161: 5727591800 | AK161: 5805598400 | AL161: 5.7552152e+09 | AM161: 5443896500 | AN161: 5291950100 | AO161: 4415702800 | AP161: 9.6657933e+09 | AQ161: 12041655200 | AR161: 14101920300 | AS161: 1.711485e+10 | AT161: 19091020000 | AU161: 19495519600 | AV161: 19963120600 | AW161: 2.0548678e+10 | AX161: 22040902300 | AY161: 2.4311561e+10 | AZ161: 21440758800

Sheet Green
A1: Country Name | B1: Indicator Name | C1: 1970 | D1: 1971 | E1: 1972 | F1: 1973 | G1: 1974 | H1: 1975 | I1: 1976 | J1: 1977 | K1: 1978 | L1: 1979 | M1: 1980 | N1: 1981 | O1: 1982 | P1: 1983 | Q1: 1984 | R1: 1985 | S1: 1986 | T1: 1987 | U1: 1988 | V1: 1989 | W1: 1990 | X1: 1991 | Y1: 1992 | Z1: 1993 | AA1: 1994 | AB1: 1995 | AC1: 1996 | AD1: 1997 | AE1: 1998 | AF1: 1999 | AG1: 2000 | AH1: 2001 | AI1: 2002 | AJ1: 2003 | AK1: 2004 | AL1: 2005 | AM1: 2006 | AN1: 2007 | AO1: 2008 | AP1: 2009 | AQ1: 2010 | AR1: 2011 | AS1: 2012 | AT1: 2013 | AU1: 2014 | AV1: 2015 | AW1: 2016 | AX1: 2017 | AY1: 2018 | AZ1: 2019
A2: Afghanistan | B2: Green GDP | C2: =gdp!C2-(('co2'!C2*cdm!C2)*1000)-(waste!C2*energy!C2*kwh!C2)-(gni!C2/100*natural!C2) -> 1.7170363e+09 | D2: =gdp!D2-(('co2'!D2*cdm!D2)*1000)-(waste!D2*energy!D2*kwh!D2)-(gni!D2/100*natural!D2) -> 1.7955369e+09 | E2: =gdp!E2-(('co2'!E2*cdm!E2)*1000)-(waste!E2*energy!E2*kwh!E2)-(gni!E2/100*natural!E2) -> 1.5613274e+09 | F2: =gdp!F2-(('co2'!F2*cdm!F2)*1000)-(waste!F2*energy!F2*kwh!F2)-(gni!F2/100*natural!F2) -> 1.6862589e+09 | G2: =gdp!G2-(('co2'!G2*cdm!G2)*1000)-(waste!G2*energy!G2*kwh!G2)-(gni!G2/100*natural!G2) -> 2.0947465e+09 | H2: =gdp!H2-(('co2'!H2*cdm!H2)*1000)-(waste!H2*energy!H2*kwh!H2)-(gni!H2/100*natural!H2) -> 2.284022e+09 | I2: =gdp!I2-(('co2'!I2*cdm!I2)*1000)-(waste!I2*energy!I2*kwh!I2)-(gni!I2/100*natural!I2) -> 2.4611126e+09 | J2: =gdp!J2-(('co2'!J2*cdm!J2)*1000)-(waste!J2*energy!J2*kwh!J2)-(gni!J2/100*natural!J2) -> 2.8528088e+09 | ... AZ2: =gdp!AZ2-(('co2'!AZ2*cdm!AZ2)*1000)-(waste!AZ2*energy!AZ2*kwh!AZ2)-(gni!AZ2/100*natural!AZ2) -> 1.8950687e+10
A3: Albania | B3: Green GDP | C3: =gdp!C3-(('co2'!C3*cdm!C3)*1000)-(waste!C3*energy!C3*kwh!C3)-(gni!C3/100*natural!C3) -> 8.8562748e+08 | D3: =gdp!D3-(('co2'!D3*cdm!D3)*1000)-(waste!D3*energy!D3*kwh!D3)-(gni!D3/100*natural!D3) -> 9.7244989e+08 | E3: =gdp!E3-(('co2'!E3*cdm!E3)*1000)-(waste!E3*energy!E3*kwh!E3)-(gni!E3/100*natural!E3) -> 1.1016106e+09 | F3: =gdp!F3-(('co2'!F3*cdm!F3)*1000)-(waste!F3*energy!F3*kwh!F3)-(gni!F3/100*natural!F3) -> 1.1263958e+09 | G3: =gdp!G3-(('co2'!G3*cdm!G3)*1000)-(waste!G3*energy!G3*kwh!G3)-(gni!G3/100*natural!G3) -> 1.1643389e+09 | H3: =gdp!H3-(('co2'!H3*cdm!H3)*1000)-(waste!H3*energy!H3*kwh!H3)-(gni!H3/100*natural!H3) -> 1.2135322e+09 | I3: =gdp!I3-(('co2'!I3*cdm!I3)*1000)-(waste!I3*energy!I3*kwh!I3)-(gni!I3/100*natural!I3) -> 1.2261986e+09 | J3: =gdp!J3-(('co2'!J3*cdm!J3)*1000)-(waste!J3*energy!J3*kwh!J3)-(gni!J3/100*natural!J3) -> 1.3033316e+09 | ... AZ3: =gdp!AZ3-(('co2'!AZ3*cdm!AZ3)*1000)-(waste!AZ3*energy!AZ3*kwh!AZ3)-(gni!AZ3/100*natural!AZ3) -> 1.5092127e+10
A4: Algeria | B4: Green GDP | C4: =gdp!C4-(('co2'!C4*cdm!C4)*1000)-(waste!C4*energy!C4*kwh!C4)-(gni!C4/100*natural!C4) -> 4.4000923e+09 | D4: =gdp!D4-(('co2'!D4*cdm!D4)*1000)-(waste!D4*energy!D4*kwh!D4)-(gni!D4/100*natural!D4) -> 4.6197713e+09 | E4: =gdp!E4-(('co2'!E4*cdm!E4)*1000)-(waste!E4*energy!E4*kwh!E4)-(gni!E4/100*natural!E4) -> 5.9641355e+09 | F4: =gdp!F4-(('co2'!F4*cdm!F4)*1000)-(waste!F4*energy!F4*kwh!F4)-(gni!F4/100*natural!F4) -> 7.5733838e+09 | G4: =gdp!G4-(('co2'!G4*cdm!G4)*1000)-(waste!G4*energy!G4*kwh!G4)-(gni!G4/100*natural!G4) -> 1.0536882e+10 | H4: =gdp!H4-(('co2'!H4*cdm!H4)*1000)-(waste!H4*energy!H4*kwh!H4)-(gni!H4/100*natural!H4) -> 1.2750448e+10 | I4: =gdp!I4-(('co2'!I4*cdm!I4)*1000)-(waste!I4*energy!I4*kwh!I4)-(gni!I4/100*natural!I4) -> 1.4105462e+10 | J4: =gdp!J4-(('co2'!J4*cdm!J4)*1000)-(waste!J4*energy!J4*kwh!J4)-(gni!J4/100*natural!J4) -> 1.7111954e+10 | ... AZ4: =gdp!AZ4-(('co2'!AZ4*cdm!AZ4)*1000)-(waste!AZ4*energy!AZ4*kwh!AZ4)-(gni!AZ4/100*natural!AZ4) -> 1.5472251e+11
A5: Angola | B5: Green GDP | C5: =gdp!C5-(('co2'!C5*cdm!C5)*1000)-(waste!C5*energy!C5*kwh!C5)-(gni!C5/100*natural!C5) -> 2.9892242e+09 | D5: =gdp!D5-(('co2'!D5*cdm!D5)*1000)-(waste!D5*energy!D5*kwh!D5)-(gni!D5/100*natural!D5) -> 3.2128044e+09 | E5: =gdp!E5-(('co2'!E5*cdm!E5)*1000)-(waste!E5*energy!E5*kwh!E5)-(gni!E5/100*natural!E5) -> 3.5069545e+09 | F5: =gdp!F5-(('co2'!F5*cdm!F5)*1000)-(waste!F5*energy!F5*kwh!F5)-(gni!F5/100*natural!F5) -> 3.6413469e+09 | G5: =gdp!G5-(('co2'!G5*cdm!G5)*1000)-(waste!G5*energy!G5*kwh!G5)-(gni!G5/100*natural!G5) -> 3.7067498e+09 | H5: =gdp!H5-(('co2'!H5*cdm!H5)*1000)-(waste!H5*energy!H5*kwh!H5)-(gni!H5/100*natural!H5) -> 3.9737294e+09 | I5: =gdp!I5-(('co2'!I5*cdm!I5)*1000)-(waste!I5*energy!I5*kwh!I5)-(gni!I5/100*natural!I5) -> 4.0615581e+09 | J5: =gdp!J5-(('co2'!J5*cdm!J5)*1000)-(waste!J5*energy!J5*kwh!J5)-(gni!J5/100*natural!J5) -> 4.3788142e+09 | ... AZ5: =gdp!AZ5-(('co2'!AZ5*cdm!AZ5)*1000)-(waste!AZ5*energy!AZ5*kwh!AZ5)-(gni!AZ5/100*natural!AZ5) -> 8.4347468e+10
A6: Argentina | B6: Green GDP | C6: =gdp!C6-(('co2'!C6*cdm!C6)*1000)-(waste!C6*energy!C6*kwh!C6)-(gni!C6/100*natural!C6) -> 3.0556749e+10 | D6: =gdp!D6-(('co2'!D6*cdm!D6)*1000)-(waste!D6*energy!D6*kwh!D6)-(gni!D6/100*natural!D6) -> 3.2158141e+10 | E6: =gdp!E6-(('co2'!E6*cdm!E6)*1000)-(waste!E6*energy!E6*kwh!E6)-(gni!E6/100*natural!E6) -> 3.3565906e+10 | F6: =gdp!F6-(('co2'!F6*cdm!F6)*1000)-(waste!F6*energy!F6*kwh!F6)-(gni!F6/100*natural!F6) -> 5.128238e+10 | G6: =gdp!G6-(('co2'!G6*cdm!G6)*1000)-(waste!G6*energy!G6*kwh!G6)-(gni!G6/100*natural!G6) -> 7.0498499e+10 | H6: =gdp!H6-(('co2'!H6*cdm!H6)*1000)-(waste!H6*energy!H6*kwh!H6)-(gni!H6/100*natural!H6) -> 5.0197812e+10 | I6: =gdp!I6-(('co2'!I6*cdm!I6)*1000)-(waste!I6*energy!I6*kwh!I6)-(gni!I6/100*natural!I6) -> 4.8872486e+10 | J6: =gdp!J6-(('co2'!J6*cdm!J6)*1000)-(waste!J6*energy!J6*kwh!J6)-(gni!J6/100*natural!J6) -> 5.4692853e+10 | ... AZ6: =gdp!AZ6-(('co2'!AZ6*cdm!AZ6)*1000)-(waste!AZ6*energy!AZ6*kwh!AZ6)-(gni!AZ6/100*natural!AZ6) -> 4.4232605e+11
A7: Armenia | B7: Green GDP | C7: =gdp!C7-(('co2'!C7*cdm!C7)*1000)-(waste!C7*energy!C7*kwh!C7)-(gni!C7/100*natural!C7) -> 9.3163172e+08 | D7: =gdp!D7-(('co2'!D7*cdm!D7)*1000)-(waste!D7*energy!D7*kwh!D7)-(gni!D7/100*natural!D7) -> 9.7085926e+08 | E7: =gdp!E7-(('co2'!E7*cdm!E7)*1000)-(waste!E7*energy!E7*kwh!E7)-(gni!E7/100*natural!E7) -> 9.7273853e+08 | F7: =gdp!F7-(('co2'!F7*cdm!F7)*1000)-(waste!F7*energy!F7*kwh!F7)-(gni!F7/100*natural!F7) -> 1.0242967e+09 | G7: =gdp!G7-(('co2'!G7*cdm!G7)*1000)-(waste!G7*energy!G7*kwh!G7)-(gni!G7/100*natural!G7) -> 1.1134198e+09 | H7: =gdp!H7-(('co2'!H7*cdm!H7)*1000)-(waste!H7*energy!H7*kwh!H7)-(gni!H7/100*natural!H7) -> 1.2307216e+09 | I7: =gdp!I7-(('co2'!I7*cdm!I7)*1000)-(waste!I7*energy!I7*kwh!I7)-(gni!I7/100*natural!I7) -> 1.2568911e+09 | J7: =gdp!J7-(('co2'!J7*cdm!J7)*1000)-(waste!J7*energy!J7*kwh!J7)-(gni!J7/100*natural!J7) -> 1.30342e+09 | ... AZ7: =gdp!AZ7-(('co2'!AZ7*cdm!AZ7)*1000)-(waste!AZ7*energy!AZ7*kwh!AZ7)-(gni!AZ7/100*natural!AZ7) -> 1.3150115e+10
A8: Aruba | B8: Green GDP | C8: =gdp!C8-(('co2'!C8*cdm!C8)*1000)-(waste!C8*energy!C8*kwh!C8)-(gni!C8/100*natural!C8) -> 1.9659122e+08 | D8: =gdp!D8-(('co2'!D8*cdm!D8)*1000)-(waste!D8*energy!D8*kwh!D8)-(gni!D8/100*natural!D8) -> 1.9940604e+08 | E8: =gdp!E8-(('co2'!E8*cdm!E8)*1000)-(waste!E8*energy!E8*kwh!E8)-(gni!E8/100*natural!E8) -> 2.1372655e+08 | F8: =gdp!F8-(('co2'!F8*cdm!F8)*1000)-(waste!F8*energy!F8*kwh!F8)-(gni!F8/100*natural!F8) -> 2.435612e+08 | G8: =gdp!G8-(('co2'!G8*cdm!G8)*1000)-(waste!G8*energy!G8*kwh!G8)-(gni!G8/100*natural!G8) -> 2.5288312e+08 | H8: =gdp!H8-(('co2'!H8*cdm!H8)*1000)-(waste!H8*energy!H8*kwh!H8)-(gni!H8/100*natural!H8) -> 2.6287273e+08 | I8: =gdp!I8-(('co2'!I8*cdm!I8)*1000)-(waste!I8*energy!I8*kwh!I8)-(gni!I8/100*natural!I8) -> 2.6177901e+08 | J8: =gdp!J8-(('co2'!J8*cdm!J8)*1000)-(waste!J8*energy!J8*kwh!J8)-(gni!J8/100*natural!J8) -> 2.4410942e+08 | ... AZ8: =gdp!AZ8-(('co2'!AZ8*cdm!AZ8)*1000)-(waste!AZ8*energy!AZ8*kwh!AZ8)-(gni!AZ8/100*natural!AZ8) -> 3.2049671e+09
A9: Australia | B9: Green GDP | C9: =gdp!C9-(('co2'!C9*cdm!C9)*1000)-(waste!C9*energy!C9*kwh!C9)-(gni!C9/100*natural!C9) -> 3.940232e+10 | D9: =gdp!D9-(('co2'!D9*cdm!D9)*1000)-(waste!D9*energy!D9*kwh!D9)-(gni!D9/100*natural!D9) -> 4.3203776e+10 | E9: =gdp!E9-(('co2'!E9*cdm!E9)*1000)-(waste!E9*energy!E9*kwh!E9)-(gni!E9/100*natural!E9) -> 4.9920339e+10 | F9: =gdp!F9-(('co2'!F9*cdm!F9)*1000)-(waste!F9*energy!F9*kwh!F9)-(gni!F9/100*natural!F9) -> 6.1282218e+10 | G9: =gdp!G9-(('co2'!G9*cdm!G9)*1000)-(waste!G9*energy!G9*kwh!G9)-(gni!G9/100*natural!G9) -> 8.5534858e+10 | H9: =gdp!H9-(('co2'!H9*cdm!H9)*1000)-(waste!H9*energy!H9*kwh!H9)-(gni!H9/100*natural!H9) -> 9.3536924e+10 | I9: =gdp!I9-(('co2'!I9*cdm!I9)*1000)-(waste!I9*energy!I9*kwh!I9)-(gni!I9/100*natural!I9) -> 1.0098176e+11 | J9: =gdp!J9-(('co2'!J9*cdm!J9)*1000)-(waste!J9*energy!J9*kwh!J9)-(gni!J9/100*natural!J9) -> 1.0580766e+11 | ... AZ9: =gdp!AZ9-(('co2'!AZ9*cdm!AZ9)*1000)-(waste!AZ9*energy!AZ9*kwh!AZ9)-(gni!AZ9/100*natural!AZ9) -> 1.3477156e+12
A10: Austria | B10: Green GDP | C10: =gdp!C10-(('co2'!C10*cdm!C10)*1000)-(waste!C10*energy!C10*kwh!C10)-(gni!C10/100*natural!C10) -> 1.4763498e+10 | D10: =gdp!D10-(('co2'!D10*cdm!D10)*1000)-(waste!D10*energy!D10*kwh!D10)-(gni!D10/100*natural!D10) -> 1.7233391e+10 | E10: =gdp!E10-(('co2'!E10*cdm!E10)*1000)-(waste!E10*energy!E10*kwh!E10)-(gni!E10/100*natural!E10) -> 2.138233e+10 | F10: =gdp!F10-(('co2'!F10*cdm!F10)*1000)-(waste!F10*energy!F10*kwh!F10)-(gni!F10/100*natural!F10) -> 2.8777597e+10 | G10: =gdp!G10-(('co2'!G10*cdm!G10)*1000)-(waste!G10*energy!G10*kwh!G10)-(gni!G10/100*natural!G10) -> 3.4395484e+10 | H10: =gdp!H10-(('co2'!H10*cdm!H10)*1000)-(waste!H10*energy!H10*kwh!H10)-(gni!H10/100*natural!H10) -> 3.9299435e+10 | I10: =gdp!I10-(('co2'!I10*cdm!I10)*1000)-(waste!I10*energy!I10*kwh!I10)-(gni!I10/100*natural!I10) -> 4.2150816e+10 | J10: =gdp!J10-(('co2'!J10*cdm!J10)*1000)-(waste!J10*energy!J10*kwh!J10)-(gni!J10/100*natural!J10) -> 5.0749371e+10 | ... AZ10: =gdp!AZ10-(('co2'!AZ10*cdm!AZ10)*1000)-(waste!AZ10*energy!AZ10*kwh!AZ10)-(gni!AZ10/100*natural!AZ10) -> 4.4516936e+11
A11: Azerbaijan | B11: Green GDP | C11: =gdp!C11-(('co2'!C11*cdm!C11)*1000)-(waste!C11*energy!C11*kwh!C11)-(gni!C11/100*natural!C11) -> 2.7554634e+09 | D11: =gdp!D11-(('co2'!D11*cdm!D11)*1000)-(waste!D11*energy!D11*kwh!D11)-(gni!D11/100*natural!D11) -> 3.1149436e+09 | E11: =gdp!E11-(('co2'!E11*cdm!E11)*1000)-(waste!E11*energy!E11*kwh!E11)-(gni!E11/100*natural!E11) -> 3.1641275e+09 | F11: =gdp!F11-(('co2'!F11*cdm!F11)*1000)-(waste!F11*energy!F11*kwh!F11)-(gni!F11/100*natural!F11) -> 3.5073282e+09 | G11: =gdp!G11-(('co2'!G11*cdm!G11)*1000)-(waste!G11*energy!G11*kwh!G11)-(gni!G11/100*natural!G11) -> 3.6541129e+09 | H11: =gdp!H11-(('co2'!H11*cdm!H11)*1000)-(waste!H11*energy!H11*kwh!H11)-(gni!H11/100*natural!H11) -> 3.9429031e+09 | I11: =gdp!I11-(('co2'!I11*cdm!I11)*1000)-(waste!I11*energy!I11*kwh!I11)-(gni!I11/100*natural!I11) -> 4.0315587e+09 | J11: =gdp!J11-(('co2'!J11*cdm!J11)*1000)-(waste!J11*energy!J11*kwh!J11)-(gni!J11/100*natural!J11) -> 4.4673926e+09 | ... AZ11: =gdp!AZ11-(('co2'!AZ11*cdm!AZ11)*1000)-(waste!AZ11*energy!AZ11*kwh!AZ11)-(gni!AZ11/100*natural!AZ11) -> 4.2656966e+10
A12: Bahrain | B12: Green GDP | C12: =gdp!C12-(('co2'!C12*cdm!C12)*1000)-(waste!C12*energy!C12*kwh!C12)-(gni!C12/100*natural!C12) -> 1.5832014e+09 | D12: =gdp!D12-(('co2'!D12*cdm!D12)*1000)-(waste!D12*energy!D12*kwh!D12)-(gni!D12/100*natural!D12) -> 1.579068e+09 | E12: =gdp!E12-(('co2'!E12*cdm!E12)*1000)-(waste!E12*energy!E12*kwh!E12)-(gni!E12/100*natural!E12) -> 1.6335942e+09 | F12: =gdp!F12-(('co2'!F12*cdm!F12)*1000)-(waste!F12*energy!F12*kwh!F12)-(gni!F12/100*natural!F12) -> 1.969512e+10 | G12: =gdp!G12-(('co2'!G12*cdm!G12)*1000)-(waste!G12*energy!G12*kwh!G12)-(gni!G12/100*natural!G12) -> 1.9661542e+09 | H12: =gdp!H12-(('co2'!H12*cdm!H12)*1000)-(waste!H12*energy!H12*kwh!H12)-(gni!H12/100*natural!H12) -> 2.0512373e+09 | I12: =gdp!I12-(('co2'!I12*cdm!I12)*1000)-(waste!I12*energy!I12*kwh!I12)-(gni!I12/100*natural!I12) -> 2.3189997e+09 | J12: =gdp!J12-(('co2'!J12*cdm!J12)*1000)-(waste!J12*energy!J12*kwh!J12)-(gni!J12/100*natural!J12) -> 2.4648701e+09 | ... AZ12: =gdp!AZ12-(('co2'!AZ12*cdm!AZ12)*1000)-(waste!AZ12*energy!AZ12*kwh!AZ12)-(gni!AZ12/100*natural!AZ12) -> 3.7127597e+10
A13: Bangladesh | B13: Green GDP | C13: =gdp!C13-(('co2'!C13*cdm!C13)*1000)-(waste!C13*energy!C13*kwh!C13)-(gni!C13/100*natural!C13) -> 8.6513186e+09 | D13: =gdp!D13-(('co2'!D13*cdm!D13)*1000)-(waste!D13*energy!D13*kwh!D13)-(gni!D13/100*natural!D13) -> 8.4426138e+09 | E13: =gdp!E13-(('co2'!E13*cdm!E13)*1000)-(waste!E13*energy!E13*kwh!E13)-(gni!E13/100*natural!E13) -> 6.1794773e+09 | F13: =gdp!F13-(('co2'!F13*cdm!F13)*1000)-(waste!F13*energy!F13*kwh!F13)-(gni!F13/100*natural!F13) -> 7.9635869e+09 | G13: =gdp!G13-(('co2'!G13*cdm!G13)*1000)-(waste!G13*energy!G13*kwh!G13)-(gni!G13/100*natural!G13) -> 1.2386345e+10 | H13: =gdp!H13-(('co2'!H13*cdm!H13)*1000)-(waste!H13*energy!H13*kwh!H13)-(gni!H13/100*natural!H13) -> 1.9280153e+10 | I13: =gdp!I13-(('co2'!I13*cdm!I13)*1000)-(waste!I13*energy!I13*kwh!I13)-(gni!I13/100*natural!I13) -> 9.9243601e+09 | J13: =gdp!J13-(('co2'!J13*cdm!J13)*1000)-(waste!J13*energy!J13*kwh!J13)-(gni!J13/100*natural!J13) -> 9.2532225e+09 | ... AZ13: =gdp!AZ13-(('co2'!AZ13*cdm!AZ13)*1000)-(waste!AZ13*energy!AZ13*kwh!AZ13)-(gni!AZ13/100*natural!AZ13) -> 2.9911152e+11
... A161: Zimbabwe | B161: Green GDP | C161: =gdp!C161-(('co2'!C161*cdm!C161)*1000)-(waste!C161*energy!C161*kwh!C161)-(gni!C161/100*natural!C161) -> 1.5316773e+09 | D161: =gdp!D161-(('co2'!D161*cdm!D161)*1000)-(waste!D161*energy!D161*kwh!D161)-(gni!D161/100*natural!D161) -> 1.8150906e+09 | E161: =gdp!E161-(('co2'!E161*cdm!E161)*1000)-(waste!E161*energy!E161*kwh!E161)-(gni!E161/100*natural!E161) -> 2.3148823e+09 | F161: =gdp!F161-(('co2'!F161*cdm!F161)*1000)-(waste!F161*energy!F161*kwh!F161)-(gni!F161/100*natural!F161) -> 2.9124339e+09 | G161: =gdp!G161-(('co2'!G161*cdm!G161)*1000)-(waste!G161*energy!G161*kwh!G161)-(gni!G161/100*natural!G161) -> 3.5625924e+09 | H161: =gdp!H161-(('co2'!H161*cdm!H161)*1000)-(waste!H161*energy!H161*kwh!H161)-(gni!H161/100*natural!H161) -> 3.9652535e+09 | I161: =gdp!I161-(('co2'!I161*cdm!I161)*1000)-(waste!I161*energy!I161*kwh!I161)-(gni!I161/100*natural!I161) -> 3.8545862e+09 | J161: =gdp!J161-(('co2'!J161*cdm!J161)*1000)-(waste!J161*energy!J161*kwh!J161)-(gni!J161/100*natural!J161) -> 3.9192303e+09 | ... AZ161: =gdp!AZ161-(('co2'!AZ161*cdm!AZ161)*1000)-(waste!AZ161*energy!AZ161*kwh!AZ161)-(gni!AZ161/100*natural!AZ161) -> 2.0574203e+10

Sheet Difference
A1: Country Name | B1: Indicator Name | C1: 1970 | D1: 1971 | E1: 1972 | F1: 1973 | G1: 1974 | H1: 1975 | I1: 1976 | J1: 1977 | K1: 1978 | L1: 1979 | M1: 1980 | N1: 1981 | O1: 1982 | P1: 1983 | Q1: 1984 | R1: 1985 | S1: 1986 | T1: 1987 | U1: 1988 | V1: 1989 | W1: 1990 | X1: 1991 | Y1: 1992 | Z1: 1993 | AA1: 1994 | AB1: 1995 | AC1: 1996 | AD1: 1997 | AE1: 1998 | AF1: 1999 | AG1: 2000 | AH1: 2001 | AI1: 2002 | AJ1: 2003 | AK1: 2004 | AL1: 2005 | AM1: 2006 | AN1: 2007 | AO1: 2008 | AP1: 2009 | AQ1: 2010 | AR1: 2011 | AS1: 2012 | AT1: 2013 | AU1: 2014 | AV1: 2015 | AW1: 2016 | AX1: 2017 | AY1: 2018 | AZ1: 2019
A2: Afghanistan | C2: =Green!C2-gdp!C2 -> -31850294 | D2: =Green!D2-gdp!D2 -> -35572099 | E2: =Green!E2-gdp!E2 -> -34228119 | F2: =Green!F2-gdp!F2 -> -47074398 | G2: =Green!G2-gdp!G2 -> -60808981 | H2: =Green!H2-gdp!H2 -> -82644604 | I2: =Green!I2-gdp!I2 -> -94442954 | J2: =Green!J2-gdp!J2 -> -1.0052458e+08 | ... AZ2: =Green!AZ2-gdp!AZ2 -> -1.5066634e+08
A3: Albania | C3: =Green!C3-gdp!C3 -> -1.4183148e+08 | D3: =Green!D3-gdp!D3 -> -1.5344632e+08 | E3: =Green!E3-gdp!E3 -> -1.7297459e+08 | F3: =Green!F3-gdp!F3 -> -1.7216439e+08 | G3: =Green!G3-gdp!G3 -> -1.7219003e+08 | H3: =Green!H3-gdp!H3 -> -1.8501561e+08 | I3: =Green!I3-gdp!I3 -> -1.9969776e+08 | J3: =Green!J3-gdp!J3 -> -2.2119475e+08 | ... AZ3: =Green!AZ3-gdp!AZ3 -> -1.8595073e+08
A4: Algeria | C4: =Green!C4-gdp!C4 -> -4.6339519e+08 | D4: =Green!D4-gdp!D4 -> -4.5745109e+08 | E4: =Green!E4-gdp!E4 -> -7.9765093e+08 | F4: =Green!F4-gdp!F4 -> -1.1417221e+09 | G4: =Green!G4-gdp!G4 -> -2.6728318e+09 | H4: =Green!H4-gdp!H4 -> -2.8074863e+09 | I4: =Green!I4-gdp!I4 -> -3.6228855e+09 | J4: =Green!J4-gdp!J4 -> -3.8599477e+09 | ... AZ4: =Green!AZ4-gdp!AZ4 -> -1.5265726e+10
A5: Angola | C5: =Green!C5-gdp!C5 -> -3.1328606e+08 | D5: =Green!D5-gdp!D5 -> -3.28443e+08 | E5: =Green!E5-gdp!E5 -> -3.4730331e+08 | F5: =Green!F5-gdp!F5 -> -3.8440007e+08 | G5: =Green!G5-gdp!G5 -> -4.1899611e+08 | H5: =Green!H5-gdp!H5 -> -4.3883323e+08 | I5: =Green!I5-gdp!I5 -> -4.509204e+08 | J5: =Green!J5-gdp!J5 -> -4.7808243e+08 | ... AZ5: =Green!AZ5-gdp!AZ5 -> -1.0287948e+10
A6: Argentina | C6: =Green!C6-gdp!C6 -> -1.0274618e+09 | D6: =Green!D6-gdp!D6 -> -1.1350579e+09 | E6: =Green!E6-gdp!E6 -> -1.1670948e+09 | F6: =Green!F6-gdp!F6 -> -1.2616197e+09 | G6: =Green!G6-gdp!G6 -> -1.9382785e+09 | H6: =Green!H6-gdp!H6 -> -2.2408361e+09 | I6: =Green!I6-gdp!I6 -> -2.2970143e+09 | J6: =Green!J6-gdp!J6 -> -2.088147e+09 | ... AZ6: =Green!AZ6-gdp!AZ6 -> -7.3373941e+09
A7: Armenia | C7: =Green!C7-gdp!C7 -> -22493381 | D7: =Green!D7-gdp!D7 -> -24382263 | E7: =Green!E7-gdp!E7 -> -25826048 | F7: =Green!F7-gdp!F7 -> -28162055 | G7: =Green!G7-gdp!G7 -> -26838062 | H7: =Green!H7-gdp!H7 -> -25760493 | I7: =Green!I7-gdp!I7 -> -27687462 | J7: =Green!J7-gdp!J7 -> -29120193 | ... AZ7: =Green!AZ7-gdp!AZ7 -> -5.2268754e+08
A8: Aruba | C8: =Green!C8-gdp!C8 -> -1977741.3 | D8: =Green!D8-gdp!D8 -> -1839750.1 | E8: =Green!E8-gdp!E8 -> -1913307.2 | F8: =Green!F8-gdp!F8 -> -1564034.4 | G8: =Green!G8-gdp!G8 -> -1645847.5 | H8: =Green!H8-gdp!H8 -> -1705841.1 | I8: =Green!I8-gdp!I8 -> -1789954.5 | J8: =Green!J8-gdp!J8 -> -1745369.5 | ... AZ8: =Green!AZ8-gdp!AZ8 -> -10287046
A9: Australia | C9: =Green!C9-gdp!C9 -> -1.8688191e+09 | D9: =Green!D9-gdp!D9 -> -1.9457365e+09 | E9: =Green!E9-gdp!E9 -> -2.0469506e+09 | F9: =Green!F9-gdp!F9 -> -2.4551294e+09 | G9: =Green!G9-gdp!G9 -> -3.2963878e+09 | H9: =Green!H9-gdp!H9 -> -3.6336348e+09 | I9: =Green!I9-gdp!I9 -> -3.9394543e+09 | J9: =Green!J9-gdp!J9 -> -4.3942193e+09 | ... AZ9: =Green!AZ9-gdp!AZ9 -> -4.4964949e+10
A10: Austria | C10: =Green!C10-gdp!C10 -> -6.0950769e+08 | D10: =Green!D10-gdp!D10 -> -6.2509521e+08 | E10: =Green!E10-gdp!E10 -> -6.7728207e+08 | F10: =Green!F10-gdp!F10 -> -7.3787123e+08 | G10: =Green!G10-gdp!G10 -> -7.9381575e+08 | H10: =Green!H10-gdp!H10 -> -7.5977141e+08 | I10: =Green!I10-gdp!I10 -> -8.0915958e+08 | J10: =Green!J10-gdp!J10 -> -7.9638803e+08 | ... AZ10: =Green!AZ10-gdp!AZ10 -> -1.1453769e+09
A11: Azerbaijan | C11: =Green!C11-gdp!C11 -> -2.3022618e+08 | D11: =Green!D11-gdp!D11 -> -2.5095214e+08 | E11: =Green!E11-gdp!E11 -> -2.9441999e+08 | F11: =Green!F11-gdp!F11 -> -3.3794073e+08 | G11: =Green!G11-gdp!G11 -> -3.7157666e+08 | H11: =Green!H11-gdp!H11 -> -4.1966584e+08 | I11: =Green!I11-gdp!I11 -> -4.4703101e+08 | J11: =Green!J11-gdp!J11 -> -4.8497009e+08 | ... AZ11: =Green!AZ11-gdp!AZ11 -> -5.3906806e+09
A12: Bahrain | C12: =Green!C12-gdp!C12 -> -1.1536818e+08 | D12: =Green!D12-gdp!D12 -> -1.3619093e+08 | E12: =Green!E12-gdp!E12 -> -1.5189146e+08 | F12: =Green!F12-gdp!F12 -> -1.6184923e+08 | G12: =Green!G12-gdp!G12 -> -1.8640839e+08 | H12: =Green!H12-gdp!H12 -> -2.0362052e+08 | I12: =Green!I12-gdp!I12 -> -2.4469017e+08 | J12: =Green!J12-gdp!J12 -> -2.8998498e+08 | ... AZ12: =Green!AZ12-gdp!AZ12 -> -1.4464721e+09
A13: Bangladesh | C13: =Green!C13-gdp!C13 -> -3.4140321e+08 | D13: =Green!D13-gdp!D13 -> -3.0922905e+08 | E13: =Green!E13-gdp!E13 -> -1.087686e+08 | F13: =Green!F13-gdp!F13 -> -1.2313879e+08 | G13: =Green!G13-gdp!G13 -> -1.2611531e+08 | H13: =Green!H13-gdp!H13 -> -1.6819467e+08 | I13: =Green!I13-gdp!I13 -> -1.9275322e+08 | J13: =Green!J13-gdp!J13 -> -3.9792677e+08 | ... AZ13: =Green!AZ13-gdp!AZ13 -> -3.4597364e+09
... A161: Zimbabwe | C161: =Green!C161-gdp!C161 -> -3.5252898e+08 | D161: =Green!D161-gdp!D161 -> -3.6362574e+08 | E161: =Green!E161-gdp!E161 -> -3.6284713e+08 | F161: =Green!F161-gdp!F161 -> -3.9691966e+08 | G161: =Green!G161-gdp!G161 -> -4.1956898e+08 | H161: =Green!H161-gdp!H161 -> -4.0604722e+08 | I161: =Green!I161-gdp!I161 -> -4.637858e+08 | J161: =Green!J161-gdp!J161 -> -4.4515178e+08 | ... AZ161: =Green!AZ161-gdp!AZ161 -> -8.665559e+08

Sheet Percentage
A1: Country Name | B1: Indicator Name | C1: 1970 | D1: 1971 | E1: 1972 | F1: 1973 | G1: 1974 | H1: 1975 | I1: 1976 | J1: 1977 | K1: 1978 | L1: 1979 | M1: 1980 | N1: 1981 | O1: 1982 | P1: 1983 | Q1: 1984 | R1: 1985 | S1: 1986 | T1: 1987 | U1: 1988 | V1: 1989 | W1: 1990 | X1: 1991 | Y1: 1992 | Z1: 1993 | AA1: 1994 | AB1: 1995 | AC1: 1996 | AD1: 1997 | AE1: 1998 | AF1: 1999 | AG1: 2000 | AH1: 2001 | AI1: 2002 | AJ1: 2003 | AK1: 2004 | AL1: 2005 | AM1: 2006 | AN1: 2007 | AO1: 2008 | AP1: 2009 | AQ1: 2010 | AR1: 2011 | AS1: 2012 | AT1: 2013 | AU1: 2014 | AV1: 2015 | AW1: 2016 | AX1: 2017 | AY1: 2018 | AZ1: 2019
A2: Afghanistan | C2: =(Difference!C2/gdp!C2)*100 -> -1.8211755 | D2: =(Difference!D2/gdp!D2)*100 -> -1.9426533 | E2: =(Difference!E2/gdp!E2)*100 -> -2.1452165 | F2: =(Difference!F2/gdp!F2)*100 -> -2.7158308 | G2: =(Difference!G2/gdp!G2)*100 -> -2.8210353 | H2: =(Difference!H2/gdp!H2)*100 -> -3.4920256 | I2: =(Difference!I2/gdp!I2)*100 -> -3.6955939 | J2: =(Difference!J2/gdp!J2)*100 -> -3.4037666 | ... AZ2: =(Difference!AZ2/gdp!AZ2)*100 -> -0.78877307
A3: Albania | C3: =(Difference!C3/gdp!C3)*100 -> -13.804102 | D3: =(Difference!D3/gdp!D3)*100 -> -13.628816 | E3: =(Difference!E3/gdp!E3)*100 -> -13.57105 | F3: =(Difference!F3/gdp!F3)*100 -> -13.258098 | G3: =(Difference!G3/gdp!G3)*100 -> -12.883374 | H3: =(Difference!H3/gdp!H3)*100 -> -13.229122 | I3: =(Difference!I3/gdp!I3)*100 -> -14.005068 | J3: =(Difference!J3/gdp!J3)*100 -> -14.50908 | ... AZ3: =(Difference!AZ3/gdp!AZ3)*100 -> -1.2171082
A4: Algeria | C4: =(Difference!C4/gdp!C4)*100 -> -9.5280433 | D4: =(Difference!D4/gdp!D4)*100 -> -9.0098691 | E4: =(Difference!E4/gdp!E4)*100 -> -11.796453 | F4: =(Difference!F4/gdp!F4)*100 -> -13.100496 | G4: =(Difference!G4/gdp!G4)*100 -> -20.233836 | H4: =(Difference!H4/gdp!H4)*100 -> -18.045367 | I4: =(Difference!I4/gdp!I4)*100 -> -20.435551 | J4: =(Difference!J4/gdp!J4)*100 -> -18.405331 | ... AZ4: =(Difference!AZ4/gdp!AZ4)*100 -> -8.9804602
A5: Angola | C5: =(Difference!C5/gdp!C5)*100 -> -9.486301 | D5: =(Difference!D5/gdp!D5)*100 -> -9.2747826 | E5: =(Difference!E5/gdp!E5)*100 -> -9.0108997 | F5: =(Difference!F5/gdp!F5)*100 -> -9.5485405 | G5: =(Difference!G5/gdp!G5)*100 -> -10.155645 | H5: =(Difference!H5/gdp!H5)*100 -> -9.9450878 | I5: =(Difference!I5/gdp!I5)*100 -> -9.9927433 | J5: =(Difference!J5/gdp!J5)*100 -> -9.8433726 | ... AZ5: =(Difference!AZ5/gdp!AZ5)*100 -> -10.87114
A6: Argentina | C6: =(Difference!C6/gdp!C6)*100 -> -3.2530868 | D6: =(Difference!D6/gdp!D6)*100 -> -3.4092785 | E6: =(Difference!E6/gdp!E6)*100 -> -3.36019 | F6: =(Difference!F6/gdp!F6)*100 -> -2.4010727 | G6: =(Difference!G6/gdp!G6)*100 -> -2.6758211 | H6: =(Difference!H6/gdp!H6)*100 -> -4.2732531 | I6: =(Difference!I6/gdp!I6)*100 -> -4.4890302 | J6: =(Difference!J6/gdp!J6)*100 -> -3.6775453 | ... AZ6: =(Difference!AZ6/gdp!AZ6)*100 -> -1.6317524
A7: Armenia | C7: =(Difference!C7/gdp!C7)*100 -> -2.3574876 | D7: =(Difference!D7/gdp!D7)*100 -> -2.449884 | E7: =(Difference!E7/gdp!E7)*100 -> -2.5863173 | F7: =(Difference!F7/gdp!F7)*100 -> -2.6758346 | G7: =(Difference!G7/gdp!G7)*100 -> -2.3536836 | H7: =(Difference!H7/gdp!H7)*100 -> -2.0502077 | I7: =(Difference!I7/gdp!I7)*100 -> -2.1553732 | J7: =(Difference!J7/gdp!J7)*100 -> -2.1853144 | ... AZ7: =(Difference!AZ7/gdp!AZ7)*100 -> -3.8228268
A8: Aruba | C8: =(Difference!C8/gdp!C8)*100 -> -0.9959972 | D8: =(Difference!D8/gdp!D8)*100 -> -0.91418069 | E8: =(Difference!E8/gdp!E8)*100 -> -0.88726976 | F8: =(Difference!F8/gdp!F8)*100 -> -0.63805523 | G8: =(Difference!G8/gdp!G8)*100 -> -0.64662482 | H8: =(Difference!H8/gdp!H8)*100 -> -0.64473895 | I8: =(Difference!I8/gdp!I8)*100 -> -0.67912187 | J8: =(Difference!J8/gdp!J8)*100 -> -0.70991887 | ... AZ8: =(Difference!AZ8/gdp!AZ8)*100 -> -0.31994503
A9: Australia | C9: =(Difference!C9/gdp!C9)*100 -> -4.52815 | D9: =(Difference!D9/gdp!D9)*100 -> -4.3095405 | E9: =(Difference!E9/gdp!E9)*100 -> -3.9389212 | F9: =(Difference!F9/gdp!F9)*100 -> -3.8519479 | G9: =(Difference!G9/gdp!G9)*100 -> -3.7108427 | H9: =(Difference!H9/gdp!H9)*100 -> -3.7394401 | I9: =(Difference!I9/gdp!I9)*100 -> -3.7546785 | J9: =(Difference!J9/gdp!J9)*100 -> -3.9874268 | ... AZ9: =(Difference!AZ9/gdp!AZ9)*100 -> -3.228662
A10: Austria | C10: =(Difference!C10/gdp!C10)*100 -> -3.9647919 | D10: =(Difference!D10/gdp!D10)*100 -> -3.5002699 | E10: =(Difference!E10/gdp!E10)*100 -> -3.0702356 | F10: =(Difference!F10/gdp!F10)*100 -> -2.4999476 | G10: =(Difference!G10/gdp!G10)*100 -> -2.2558441 | H10: =(Difference!H10/gdp!H10)*100 -> -1.8966212 | I10: =(Difference!I10/gdp!I10)*100 -> -1.8835196 | J10: =(Difference!J10/gdp!J10)*100 -> -1.5450117 | ... AZ10: =(Difference!AZ10/gdp!AZ10)*100 -> -0.25662985
A11: Azerbaijan | C11: =(Difference!C11/gdp!C11)*100 -> -7.7109884 | D11: =(Difference!D11/gdp!D11)*100 -> -7.4557313 | E11: =(Difference!E11/gdp!E11)*100 -> -8.5128219 | F11: =(Difference!F11/gdp!F11)*100 -> -8.7884809 | G11: =(Difference!G11/gdp!G11)*100 -> -9.2301368 | H11: =(Difference!H11/gdp!H11)*100 -> -9.6196954 | I11: =(Difference!I11/gdp!I11)*100 -> -9.9815129 | J11: =(Difference!J11/gdp!J11)*100 -> -9.7927013 | ... AZ11: =(Difference!AZ11/gdp!AZ11)*100 -> -11.219448
A12: Bahrain | C12: =(Difference!C12/gdp!C12)*100 -> -6.7920787 | D12: =(Difference!D12/gdp!D12)*100 -> -7.9399634 | E12: =(Difference!E12/gdp!E12)*100 -> -8.5070112 | F12: =(Difference!F12/gdp!F12)*100 -> -0.8150752 | G12: =(Difference!G12/gdp!G12)*100 -> -8.6598362 | H12: =(Difference!H12/gdp!H12)*100 -> -9.0303042 | I12: =(Difference!I12/gdp!I12)*100 -> -9.5444528 | J12: =(Difference!J12/gdp!J12)*100 -> -10.526324 | ... AZ12: =(Difference!AZ12/gdp!AZ12)*100 -> -3.7498562
A13: Bangladesh | C13: =(Difference!C13/gdp!C13)*100 -> -3.7964392 | D13: =(Difference!D13/gdp!D13)*100 -> -3.5333022 | E13: =(Difference!E13/gdp!E13)*100 -> -1.7297129 | F13: =(Difference!F13/gdp!F13)*100 -> -1.5227274 | G13: =(Difference!G13/gdp!G13)*100 -> -1.0079177 | H13: =(Difference!H13/gdp!H13)*100 -> -0.86482751 | I13: =(Difference!I13/gdp!I13)*100 -> -1.9052195 | J13: =(Difference!J13/gdp!J13)*100 -> -4.1231024 | ... AZ13: =(Difference!AZ13/gdp!AZ13)*100 -> -1.1434452
... A161: Zimbabwe | C161: =(Difference!C161/gdp!C161)*100 -> -18.70968 | D161: =(Difference!D161/gdp!D161)*100 -> -16.689908 | E161: =(Difference!E161/gdp!E161)*100 -> -13.550553 | F161: =(Difference!F161/gdp!F161)*100 -> -11.993873 | G161: =(Difference!G161/gdp!G161)*100 -> -10.536212 | H161: =(Difference!H161/gdp!H161)*100 -> -9.2889336 | I161: =(Difference!I161/gdp!I161)*100 -> -10.73983 | J161: =(Difference!J161/gdp!J161)*100 -> -10.199652 | ... AZ161: =(Difference!AZ161/gdp!AZ161)*100 -> -4.0416289
